{
    "parameters": {
        "mq_type": "rocketmq",
        "broker_address": "35.209.251.221:9876;35.239.56.104:9876;35.208.205.25:9876",
        "topic": "test-throughput_scaling_rocketmq",
        "num_producers": 40,
        "num_consumers": 10,
        "messages_per_producer": 10000,
        "log_interval": 100,
        "message_size": 100,
        "remote_ips": [
            "35.209.251.221",
            "35.239.56.104",
            "35.208.205.25"
        ]
    },
    "summary": {
        "total_messages_produced": 400000,
        "producer_avg_throughput": 11362.87094500849,
        "consumer_avg_throughput": 191.31780071002888,
        "consumer_avg_latency": 85.67391027433807,
        "consumer_p99_latency": 172.95444624423982,
        "consumer_cold_start_latency": 0.23031332778930663,
        "remote_avg_cpu": 0.159,
        "remote_avg_mem_mb": 9238.633437156677,
        "remote_servers": [
            {
                "ip": "35.209.251.221",
                "avg_cpu": 0.182,
                "avg_mem_mb": 9239.07,
                "samples_count": 0
            },
            {
                "ip": "35.239.56.104",
                "avg_cpu": 0.149,
                "avg_mem_mb": 9234.63,
                "samples_count": 0
            },
            {
                "ip": "35.208.205.25",
                "avg_cpu": 0.146,
                "avg_mem_mb": 9242.2,
                "samples_count": 0
            }
        ]
    }
}