{
    "parameters": {
        "mq_type": "rocketmq",
        "broker_address": "35.209.251.221:9876;35.239.56.104:9876;35.208.205.25:9876",
        "topic": "test-throughput_scaling_rocketmq",
        "num_producers": 40,
        "num_consumers": 10,
        "messages_per_producer": 2000,
        "log_interval": 100,
        "message_size": 100,
        "remote_ips": [
            "35.209.251.221",
            "35.239.56.104",
            "35.208.205.25"
        ]
    },
    "summary": {
        "total_messages_produced": 80000,
        "producer_avg_throughput": 5025.352136301299,
        "consumer_avg_throughput": 182.78724440821304,
        "consumer_avg_latency": 12.9345374386054,
        "consumer_p99_latency": 27.686266088485716,
        "consumer_cold_start_latency": 0.3289980611801147,
        "remote_avg_cpu": 0.25399999999999995,
        "remote_avg_mem_mb": 9207.50786781311,
        "remote_servers": [
            {
                "ip": "35.209.251.221",
                "avg_cpu": 0.281,
                "avg_mem_mb": 9207.01,
                "samples_count": 0
            },
            {
                "ip": "35.239.56.104",
                "avg_cpu": 0.217,
                "avg_mem_mb": 9217.61,
                "samples_count": 0
            },
            {
                "ip": "35.208.205.25",
                "avg_cpu": 0.264,
                "avg_mem_mb": 9197.9,
                "samples_count": 0
            }
        ]
    }
}