{
    "parameters": {
        "mq_type": "rocketmq",
        "broker_address": "35.209.251.221:9876;35.239.56.104:9876;35.208.205.25:9876",
        "topic": "test-throughput_scaling_rocketmq",
        "num_producers": 40,
        "num_consumers": 10,
        "messages_per_producer": 5000,
        "log_interval": 100,
        "message_size": 100,
        "remote_ips": [
            "35.209.251.221",
            "35.239.56.104",
            "35.208.205.25"
        ]
    },
    "summary": {
        "total_messages_produced": 200000,
        "producer_avg_throughput": 4958.24811050829,
        "consumer_avg_throughput": 167.8387270500147,
        "consumer_avg_latency": 16.672661199383278,
        "consumer_p99_latency": 37.1178035736084,
        "consumer_cold_start_latency": 0.36066527891159056,
        "remote_avg_cpu": 0.14,
        "remote_avg_mem_mb": 9209.44536558787,
        "remote_servers": [
            {
                "ip": "35.209.251.221",
                "avg_cpu": 0.048,
                "avg_mem_mb": 9217.13,
                "samples_count": 0
            },
            {
                "ip": "35.239.56.104",
                "avg_cpu": 0.34,
                "avg_mem_mb": 9210.17,
                "samples_count": 0
            },
            {
                "ip": "35.208.205.25",
                "avg_cpu": 0.032,
                "avg_mem_mb": 9201.04,
                "samples_count": 0
            }
        ]
    }
}