{
    "parameters": {
        "mq_type": "rocketmq",
        "broker_address": "35.209.251.221:9876;35.239.56.104:9876;35.208.205.25:9876",
        "topic": "test-throughput_scaling_rocketmq",
        "num_producers": 40,
        "num_consumers": 10,
        "messages_per_producer": 2000,
        "log_interval": 100,
        "message_size": 100,
        "remote_ips": [
            "35.209.251.221",
            "35.239.56.104",
            "35.208.205.25"
        ]
    },
    "summary": {
        "total_messages_produced": 80000,
        "producer_avg_throughput": 3017.9851936965883,
        "consumer_avg_throughput": 159.89752614271762,
        "consumer_avg_latency": 3.7712121536687015,
        "consumer_p99_latency": 9.826386165618896,
        "consumer_cold_start_latency": 0.3320564136505127,
        "remote_avg_cpu": 0.16699999999999998,
        "remote_avg_mem_mb": 9190.42925008138,
        "remote_servers": [
            {
                "ip": "35.209.251.221",
                "avg_cpu": 0.056,
                "avg_mem_mb": 9193.57,
                "samples_count": 0
            },
            {
                "ip": "35.239.56.104",
                "avg_cpu": 0.405,
                "avg_mem_mb": 9203.6,
                "samples_count": 0
            },
            {
                "ip": "35.208.205.25",
                "avg_cpu": 0.04,
                "avg_mem_mb": 9174.12,
                "samples_count": 0
            }
        ]
    }
}