{
    "parameters": {
        "mq_type": "rocketmq",
        "broker_address": "35.209.251.221:9876;35.239.56.104:9876;35.208.205.25:9876",
        "topic": "test-throughput_scaling_rocketmq",
        "num_producers": 40,
        "num_consumers": 10,
        "messages_per_producer": 5000,
        "log_interval": 500,
        "message_size": 100,
        "remote_ips": [
            "35.209.251.221",
            "35.239.56.104",
            "35.208.205.25"
        ]
    },
    "summary": {
        "total_messages_produced": 200000,
        "producer_avg_throughput": 8665.573776114124,
        "consumer_avg_throughput": 180.64320339387555,
        "consumer_avg_latency": 42.90372037460753,
        "consumer_p99_latency": 87.1523092508316,
        "consumer_cold_start_latency": 0.190202362537384,
        "remote_avg_cpu": 0.18666666666666665,
        "remote_avg_mem_mb": 9203.35223420461,
        "remote_servers": [
            {
                "ip": "35.209.251.221",
                "avg_cpu": 0.207,
                "avg_mem_mb": 9225.58,
                "samples_count": 0
            },
            {
                "ip": "35.239.56.104",
                "avg_cpu": 0.169,
                "avg_mem_mb": 9186.76,
                "samples_count": 0
            },
            {
                "ip": "35.208.205.25",
                "avg_cpu": 0.184,
                "avg_mem_mb": 9197.71,
                "samples_count": 0
            }
        ]
    }
}