{
    "parameters": {
        "mq_type": "rocketmq",
        "broker_address": "35.209.251.221:9876;35.239.56.104:9876;35.208.205.25:9876",
        "topic": "test-throughput_scaling_rocketmq",
        "num_producers": 40,
        "num_consumers": 11,
        "messages_per_producer": 10000,
        "log_interval": 500,
        "message_size": 100,
        "remote_ips": [
            "35.209.251.221",
            "35.239.56.104",
            "35.208.205.25"
        ]
    },
    "summary": {
        "total_messages_produced": 400000,
        "producer_avg_throughput": 12096.640509048804,
        "consumer_avg_throughput": 164.8729017373137,
        "consumer_avg_latency": 93.85082137814055,
        "consumer_p99_latency": 187.12065516818654,
        "consumer_cold_start_latency": 0.22898414134979247,
        "remote_avg_cpu": 0.15066666666666664,
        "remote_avg_mem_mb": 9233.446222305298,
        "remote_servers": [
            {
                "ip": "35.209.251.221",
                "avg_cpu": 0.147,
                "avg_mem_mb": 9231.54,
                "samples_count": 0
            },
            {
                "ip": "35.239.56.104",
                "avg_cpu": 0.136,
                "avg_mem_mb": 9252.23,
                "samples_count": 0
            },
            {
                "ip": "35.208.205.25",
                "avg_cpu": 0.169,
                "avg_mem_mb": 9216.56,
                "samples_count": 0
            }
        ]
    }
}