{
    "parameters": {
        "mq_type": "rocketmq",
        "broker_address": "35.209.251.221:9876;35.239.56.104:9876;35.208.205.25:9876",
        "topic": "test-throughput_scaling_rocketmq",
        "num_producers": 40,
        "num_consumers": 11,
        "messages_per_producer": 5000,
        "log_interval": 500,
        "message_size": 100,
        "remote_ips": [
            "35.209.251.221",
            "35.239.56.104",
            "35.208.205.25"
        ]
    },
    "summary": {
        "total_messages_produced": 200000,
        "producer_avg_throughput": 8957.549152990461,
        "consumer_avg_throughput": 163.5932950313942,
        "consumer_avg_latency": 43.358985498501156,
        "consumer_p99_latency": 88.1707023490559,
        "consumer_cold_start_latency": 0.20965434074401854,
        "remote_avg_cpu": 0.19766666666666666,
        "remote_avg_mem_mb": 9221.50342051188,
        "remote_servers": [
            {
                "ip": "35.209.251.221",
                "avg_cpu": 0.169,
                "avg_mem_mb": 9225.95,
                "samples_count": 0
            },
            {
                "ip": "35.239.56.104",
                "avg_cpu": 0.212,
                "avg_mem_mb": 9191.04,
                "samples_count": 0
            },
            {
                "ip": "35.208.205.25",
                "avg_cpu": 0.212,
                "avg_mem_mb": 9247.51,
                "samples_count": 0
            }
        ]
    }
}