{
    "parameters": {
        "mq_type": "rocketmq",
        "broker_address": "35.209.251.221:9876;35.239.56.104:9876;35.208.205.25:9876",
        "topic": "test-throughput_scaling_rocketmq",
        "num_producers": 40,
        "num_consumers": 12,
        "messages_per_producer": 5000,
        "log_interval": 500,
        "message_size": 100,
        "remote_ips": [
            "35.209.251.221",
            "35.239.56.104",
            "35.208.205.25"
        ]
    },
    "summary": {
        "total_messages_produced": 200000,
        "producer_avg_throughput": 9831.062828689153,
        "consumer_avg_throughput": 152.84850793483474,
        "consumer_avg_latency": 43.47501252548849,
        "consumer_p99_latency": 87.95374135176341,
        "consumer_cold_start_latency": 0.31814865310986834,
        "remote_avg_cpu": 0.19033333333333335,
        "remote_avg_mem_mb": 9208.830269495646,
        "remote_servers": [
            {
                "ip": "35.209.251.221",
                "avg_cpu": 0.169,
                "avg_mem_mb": 9208.98,
                "samples_count": 0
            },
            {
                "ip": "35.239.56.104",
                "avg_cpu": 0.171,
                "avg_mem_mb": 9203.35,
                "samples_count": 0
            },
            {
                "ip": "35.208.205.25",
                "avg_cpu": 0.231,
                "avg_mem_mb": 9214.17,
                "samples_count": 0
            }
        ]
    }
}