{
    "parameters": {
        "mq_type": "rocketmq",
        "broker_address": "35.209.251.221:9876;35.239.56.104:9876;35.208.205.25:9876",
        "topic": "test-throughput_scaling_rocketmq",
        "num_producers": 40,
        "num_consumers": 13,
        "messages_per_producer": 10000,
        "log_interval": 500,
        "message_size": 100,
        "remote_ips": [
            "35.209.251.221",
            "35.239.56.104",
            "35.208.205.25"
        ]
    },
    "summary": {
        "total_messages_produced": 400000,
        "producer_avg_throughput": 12883.116407621224,
        "consumer_avg_throughput": 140.81279081162035,
        "consumer_avg_latency": 92.97741135026432,
        "consumer_p99_latency": 186.5525890130263,
        "consumer_cold_start_latency": 0.18570128844334527,
        "remote_avg_cpu": 0.145,
        "remote_avg_mem_mb": 9216.506878534952,
        "remote_servers": [
            {
                "ip": "35.209.251.221",
                "avg_cpu": 0.136,
                "avg_mem_mb": 9238.41,
                "samples_count": 0
            },
            {
                "ip": "35.239.56.104",
                "avg_cpu": 0.146,
                "avg_mem_mb": 9197.39,
                "samples_count": 0
            },
            {
                "ip": "35.208.205.25",
                "avg_cpu": 0.153,
                "avg_mem_mb": 9213.72,
                "samples_count": 0
            }
        ]
    }
}