{
    "parameters": {
        "mq_type": "rocketmq",
        "broker_address": "35.209.251.221:9876;35.239.56.104:9876;35.208.205.25:9876",
        "topic": "test-throughput_scaling_rocketmq",
        "num_producers": 40,
        "num_consumers": 14,
        "messages_per_producer": 5000,
        "log_interval": 500,
        "message_size": 100,
        "remote_ips": [
            "35.209.251.221",
            "35.239.56.104",
            "35.208.205.25"
        ]
    },
    "summary": {
        "total_messages_produced": 200000,
        "producer_avg_throughput": 9000.820015274105,
        "consumer_avg_throughput": 129.6047108481404,
        "consumer_avg_latency": 42.936689914518745,
        "consumer_p99_latency": 87.84527165549142,
        "consumer_cold_start_latency": 0.3085574589456831,
        "remote_avg_cpu": 0.18766666666666665,
        "remote_avg_mem_mb": 9225.764153162638,
        "remote_servers": [
            {
                "ip": "35.209.251.221",
                "avg_cpu": 0.189,
                "avg_mem_mb": 9231.75,
                "samples_count": 0
            },
            {
                "ip": "35.239.56.104",
                "avg_cpu": 0.18,
                "avg_mem_mb": 9229.97,
                "samples_count": 0
            },
            {
                "ip": "35.208.205.25",
                "avg_cpu": 0.194,
                "avg_mem_mb": 9215.58,
                "samples_count": 0
            }
        ]
    }
}