{
    "parameters": {
        "mq_type": "rocketmq",
        "broker_address": "35.209.251.221:9876;35.239.56.104:9876;35.208.205.25:9876",
        "topic": "test-throughput_scaling_rocketmq",
        "num_producers": 40,
        "num_consumers": 15,
        "messages_per_producer": 10000,
        "log_interval": 500,
        "message_size": 100,
        "remote_ips": [
            "35.209.251.221",
            "35.239.56.104",
            "35.208.205.25"
        ]
    },
    "summary": {
        "total_messages_produced": 400000,
        "producer_avg_throughput": 12230.042883764849,
        "consumer_avg_throughput": 118.98725083705646,
        "consumer_avg_latency": 94.56010273315995,
        "consumer_p99_latency": 190.10298353830973,
        "consumer_cold_start_latency": 0.2291603654225667,
        "remote_avg_cpu": 0.14466666666666667,
        "remote_avg_mem_mb": 9222.049590746561,
        "remote_servers": [
            {
                "ip": "35.209.251.221",
                "avg_cpu": 0.153,
                "avg_mem_mb": 9249.94,
                "samples_count": 0
            },
            {
                "ip": "35.239.56.104",
                "avg_cpu": 0.137,
                "avg_mem_mb": 9209.29,
                "samples_count": 0
            },
            {
                "ip": "35.208.205.25",
                "avg_cpu": 0.144,
                "avg_mem_mb": 9206.91,
                "samples_count": 0
            }
        ]
    }
}