{
    "parameters": {
        "mq_type": "rocketmq",
        "broker_address": "35.209.251.221:9876;35.239.56.104:9876;35.208.205.25:9876",
        "topic": "test-throughput_scaling_rocketmq",
        "num_producers": 40,
        "num_consumers": 17,
        "messages_per_producer": 10000,
        "log_interval": 500,
        "message_size": 100,
        "remote_ips": [
            "35.209.251.221",
            "35.239.56.104",
            "35.208.205.25"
        ]
    },
    "summary": {
        "total_messages_produced": 400000,
        "producer_avg_throughput": 11557.943301457235,
        "consumer_avg_throughput": 105.20307456296757,
        "consumer_avg_latency": 92.63887266634282,
        "consumer_p99_latency": 187.87797183149002,
        "consumer_cold_start_latency": 0.21403747951283175,
        "remote_avg_cpu": 0.14866666666666664,
        "remote_avg_mem_mb": 9218.954318682352,
        "remote_servers": [
            {
                "ip": "35.209.251.221",
                "avg_cpu": 0.164,
                "avg_mem_mb": 9229.3,
                "samples_count": 0
            },
            {
                "ip": "35.239.56.104",
                "avg_cpu": 0.137,
                "avg_mem_mb": 9205.92,
                "samples_count": 0
            },
            {
                "ip": "35.208.205.25",
                "avg_cpu": 0.145,
                "avg_mem_mb": 9221.64,
                "samples_count": 0
            }
        ]
    }
}