{
    "parameters": {
        "mq_type": "rocketmq",
        "broker_address": "35.209.251.221:9876;35.239.56.104:9876;35.208.205.25:9876",
        "topic": "test-throughput_scaling_rocketmq",
        "num_producers": 40,
        "num_consumers": 18,
        "messages_per_producer": 5000,
        "log_interval": 500,
        "message_size": 100,
        "remote_ips": [
            "35.209.251.221",
            "35.239.56.104",
            "35.208.205.25"
        ]
    },
    "summary": {
        "total_messages_produced": 200000,
        "producer_avg_throughput": 8563.119931379142,
        "consumer_avg_throughput": 95.34231058303985,
        "consumer_avg_latency": 45.79551214355698,
        "consumer_p99_latency": 92.8162458870146,
        "consumer_cold_start_latency": 0.2791506589783563,
        "remote_avg_cpu": 0.204,
        "remote_avg_mem_mb": 9210.496876080831,
        "remote_servers": [
            {
                "ip": "35.209.251.221",
                "avg_cpu": 0.165,
                "avg_mem_mb": 9221.07,
                "samples_count": 0
            },
            {
                "ip": "35.239.56.104",
                "avg_cpu": 0.248,
                "avg_mem_mb": 9195.81,
                "samples_count": 0
            },
            {
                "ip": "35.208.205.25",
                "avg_cpu": 0.199,
                "avg_mem_mb": 9214.61,
                "samples_count": 0
            }
        ]
    }
}