{
    "parameters": {
        "mq_type": "rocketmq",
        "broker_address": "35.209.251.221:9876;35.239.56.104:9876;35.208.205.25:9876",
        "topic": "test-throughput_scaling_rocketmq",
        "num_producers": 40,
        "num_consumers": 1,
        "messages_per_producer": 5000,
        "log_interval": 500,
        "message_size": 100,
        "remote_ips": [
            "35.209.251.221",
            "35.239.56.104",
            "35.208.205.25"
        ]
    },
    "summary": {
        "total_messages_produced": 200000,
        "producer_avg_throughput": 10922.587449463419,
        "consumer_avg_throughput": 1004.218038553683,
        "consumer_avg_latency": 86.33774800264955,
        "consumer_p99_latency": 175.785005569458,
        "consumer_cold_start_latency": 0.688886399269104,
        "remote_avg_cpu": 0.11066666666666668,
        "remote_avg_mem_mb": 9212.780265808105,
        "remote_servers": [
            {
                "ip": "35.209.251.221",
                "avg_cpu": 0.095,
                "avg_mem_mb": 9210.1,
                "samples_count": 0
            },
            {
                "ip": "35.239.56.104",
                "avg_cpu": 0.111,
                "avg_mem_mb": 9203.05,
                "samples_count": 0
            },
            {
                "ip": "35.208.205.25",
                "avg_cpu": 0.126,
                "avg_mem_mb": 9225.19,
                "samples_count": 0
            }
        ]
    }
}