{
    "parameters": {
        "mq_type": "rocketmq",
        "broker_address": "35.209.251.221:9876;35.239.56.104:9876;35.208.205.25:9876",
        "topic": "test-throughput_scaling_rocketmq",
        "num_producers": 40,
        "num_consumers": 20,
        "messages_per_producer": 5000,
        "log_interval": 100,
        "message_size": 100,
        "remote_ips": [
            "35.209.251.221",
            "35.239.56.104",
            "35.208.205.25"
        ]
    },
    "summary": {
        "total_messages_produced": 200000,
        "producer_avg_throughput": 7807.19494973268,
        "consumer_avg_throughput": 90.74788305332245,
        "consumer_avg_latency": 42.193877868722026,
        "consumer_p99_latency": 85.5507489681244,
        "consumer_cold_start_latency": 0.43498086261749275,
        "remote_avg_cpu": 0.205,
        "remote_avg_mem_mb": 9207.156609535217,
        "remote_servers": [
            {
                "ip": "35.209.251.221",
                "avg_cpu": 0.22,
                "avg_mem_mb": 9223.69,
                "samples_count": 0
            },
            {
                "ip": "35.239.56.104",
                "avg_cpu": 0.179,
                "avg_mem_mb": 9199.3,
                "samples_count": 0
            },
            {
                "ip": "35.208.205.25",
                "avg_cpu": 0.216,
                "avg_mem_mb": 9198.47,
                "samples_count": 0
            }
        ]
    }
}