{
    "parameters": {
        "mq_type": "rocketmq",
        "broker_address": "35.209.251.221:9876;35.239.56.104:9876;35.208.205.25:9876",
        "topic": "test-throughput_scaling_rocketmq",
        "num_producers": 40,
        "num_consumers": 20,
        "messages_per_producer": 5000,
        "log_interval": 100,
        "message_size": 100,
        "remote_ips": [
            "35.209.251.221",
            "35.239.56.104",
            "35.208.205.25"
        ]
    },
    "summary": {
        "total_messages_produced": 200000,
        "producer_avg_throughput": 5050.086995109476,
        "consumer_avg_throughput": 82.60134151923978,
        "consumer_avg_latency": 8.635882201913295,
        "consumer_p99_latency": 19.03156957626343,
        "consumer_cold_start_latency": 0.19580347657203673,
        "remote_avg_cpu": 0.13466666666666666,
        "remote_avg_mem_mb": 9210.256299972534,
        "remote_servers": [
            {
                "ip": "35.209.251.221",
                "avg_cpu": 0.051,
                "avg_mem_mb": 9222.88,
                "samples_count": 0
            },
            {
                "ip": "35.239.56.104",
                "avg_cpu": 0.318,
                "avg_mem_mb": 9209.61,
                "samples_count": 0
            },
            {
                "ip": "35.208.205.25",
                "avg_cpu": 0.035,
                "avg_mem_mb": 9198.28,
                "samples_count": 0
            }
        ]
    }
}