{
    "parameters": {
        "mq_type": "rocketmq",
        "broker_address": "35.209.251.221:9876;35.239.56.104:9876;35.208.205.25:9876",
        "topic": "test-throughput_scaling_rocketmq",
        "num_producers": 40,
        "num_consumers": 20,
        "messages_per_producer": 2000,
        "log_interval": 100,
        "message_size": 100,
        "remote_ips": [
            "35.209.251.221",
            "35.239.56.104",
            "35.208.205.25"
        ]
    },
    "summary": {
        "total_messages_produced": 80000,
        "producer_avg_throughput": 5233.102683540868,
        "consumer_avg_throughput": 89.10282167428477,
        "consumer_avg_latency": 14.323998779756346,
        "consumer_p99_latency": 29.536413979530334,
        "consumer_cold_start_latency": 0.6274130172729493,
        "remote_avg_cpu": 0.26799999999999996,
        "remote_avg_mem_mb": 9199.394448598227,
        "remote_servers": [
            {
                "ip": "35.209.251.221",
                "avg_cpu": 0.284,
                "avg_mem_mb": 9201.56,
                "samples_count": 0
            },
            {
                "ip": "35.239.56.104",
                "avg_cpu": 0.232,
                "avg_mem_mb": 9205.63,
                "samples_count": 0
            },
            {
                "ip": "35.208.205.25",
                "avg_cpu": 0.288,
                "avg_mem_mb": 9190.99,
                "samples_count": 0
            }
        ]
    }
}