{
    "parameters": {
        "mq_type": "rocketmq",
        "broker_address": "35.209.251.221:9876;35.239.56.104:9876;35.208.205.25:9876",
        "topic": "test-throughput_scaling_rocketmq",
        "num_producers": 40,
        "num_consumers": 21,
        "messages_per_producer": 5000,
        "log_interval": 500,
        "message_size": 100,
        "remote_ips": [
            "35.209.251.221",
            "35.239.56.104",
            "35.208.205.25"
        ]
    },
    "summary": {
        "total_messages_produced": 200000,
        "producer_avg_throughput": 7707.921810326186,
        "consumer_avg_throughput": 83.32945222456927,
        "consumer_avg_latency": 42.46440497558769,
        "consumer_p99_latency": 87.86447262763977,
        "consumer_cold_start_latency": 0.26042126383100234,
        "remote_avg_cpu": 0.20633333333333334,
        "remote_avg_mem_mb": 9199.484251658121,
        "remote_servers": [
            {
                "ip": "35.209.251.221",
                "avg_cpu": 0.169,
                "avg_mem_mb": 9211.63,
                "samples_count": 0
            },
            {
                "ip": "35.239.56.104",
                "avg_cpu": 0.234,
                "avg_mem_mb": 9185.33,
                "samples_count": 0
            },
            {
                "ip": "35.208.205.25",
                "avg_cpu": 0.216,
                "avg_mem_mb": 9201.49,
                "samples_count": 0
            }
        ]
    }
}