{
    "parameters": {
        "mq_type": "rocketmq",
        "broker_address": "35.209.251.221:9876;35.239.56.104:9876;35.208.205.25:9876",
        "topic": "test-throughput_scaling_rocketmq",
        "num_producers": 40,
        "num_consumers": 22,
        "messages_per_producer": 5000,
        "log_interval": 500,
        "message_size": 100,
        "remote_ips": [
            "35.209.251.221",
            "35.239.56.104",
            "35.208.205.25"
        ]
    },
    "summary": {
        "total_messages_produced": 200000,
        "producer_avg_throughput": 8981.39488147918,
        "consumer_avg_throughput": 79.8325094121599,
        "consumer_avg_latency": 45.508967552574546,
        "consumer_p99_latency": 91.27160212126645,
        "consumer_cold_start_latency": 0.14868951255624946,
        "remote_avg_cpu": 0.19433333333333333,
        "remote_avg_mem_mb": 9223.385880470276,
        "remote_servers": [
            {
                "ip": "35.209.251.221",
                "avg_cpu": 0.188,
                "avg_mem_mb": 9229.12,
                "samples_count": 0
            },
            {
                "ip": "35.239.56.104",
                "avg_cpu": 0.196,
                "avg_mem_mb": 9214.8,
                "samples_count": 0
            },
            {
                "ip": "35.208.205.25",
                "avg_cpu": 0.199,
                "avg_mem_mb": 9226.24,
                "samples_count": 0
            }
        ]
    }
}