{
    "parameters": {
        "mq_type": "rocketmq",
        "broker_address": "35.209.251.221:9876;35.239.56.104:9876;35.208.205.25:9876",
        "topic": "test-throughput_scaling_rocketmq",
        "num_producers": 40,
        "num_consumers": 23,
        "messages_per_producer": 5000,
        "log_interval": 500,
        "message_size": 100,
        "remote_ips": [
            "35.209.251.221",
            "35.239.56.104",
            "35.208.205.25"
        ]
    },
    "summary": {
        "total_messages_produced": 200000,
        "producer_avg_throughput": 8815.300453328753,
        "consumer_avg_throughput": 77.19416840391493,
        "consumer_avg_latency": 44.658087513365565,
        "consumer_p99_latency": 89.52407810999,
        "consumer_cold_start_latency": 0.29381842157115107,
        "remote_avg_cpu": 0.19433333333333333,
        "remote_avg_mem_mb": 9209.931122779846,
        "remote_servers": [
            {
                "ip": "35.209.251.221",
                "avg_cpu": 0.179,
                "avg_mem_mb": 9205.84,
                "samples_count": 0
            },
            {
                "ip": "35.239.56.104",
                "avg_cpu": 0.193,
                "avg_mem_mb": 9215.14,
                "samples_count": 0
            },
            {
                "ip": "35.208.205.25",
                "avg_cpu": 0.211,
                "avg_mem_mb": 9208.82,
                "samples_count": 0
            }
        ]
    }
}