{
    "parameters": {
        "mq_type": "rocketmq",
        "broker_address": "35.209.251.221:9876;35.239.56.104:9876;35.208.205.25:9876",
        "topic": "test-throughput_scaling_rocketmq",
        "num_producers": 40,
        "num_consumers": 23,
        "messages_per_producer": 10000,
        "log_interval": 500,
        "message_size": 100,
        "remote_ips": [
            "35.209.251.221",
            "35.239.56.104",
            "35.208.205.25"
        ]
    },
    "summary": {
        "total_messages_produced": 400000,
        "producer_avg_throughput": 11561.386052106387,
        "consumer_avg_throughput": 79.10407214055016,
        "consumer_avg_latency": 92.03288205630905,
        "consumer_p99_latency": 184.2185851594676,
        "consumer_cold_start_latency": 0.35960139378257416,
        "remote_avg_cpu": 0.15866666666666665,
        "remote_avg_mem_mb": 9219.156010627747,
        "remote_servers": [
            {
                "ip": "35.209.251.221",
                "avg_cpu": 0.14,
                "avg_mem_mb": 9236.14,
                "samples_count": 0
            },
            {
                "ip": "35.239.56.104",
                "avg_cpu": 0.164,
                "avg_mem_mb": 9206.28,
                "samples_count": 0
            },
            {
                "ip": "35.208.205.25",
                "avg_cpu": 0.172,
                "avg_mem_mb": 9215.05,
                "samples_count": 0
            }
        ]
    }
}