{
    "parameters": {
        "mq_type": "rocketmq",
        "broker_address": "35.209.251.221:9876;35.239.56.104:9876;35.208.205.25:9876",
        "topic": "test-throughput_scaling_rocketmq",
        "num_producers": 40,
        "num_consumers": 24,
        "messages_per_producer": 5000,
        "log_interval": 500,
        "message_size": 100,
        "remote_ips": [
            "35.209.251.221",
            "35.239.56.104",
            "35.208.205.25"
        ]
    },
    "summary": {
        "total_messages_produced": 200000,
        "producer_avg_throughput": 8782.733242065,
        "consumer_avg_throughput": 74.26460640682122,
        "consumer_avg_latency": 44.953672865940604,
        "consumer_p99_latency": 89.03736039996147,
        "consumer_cold_start_latency": 0.2116010336081187,
        "remote_avg_cpu": 0.19766666666666666,
        "remote_avg_mem_mb": 9210.120313008627,
        "remote_servers": [
            {
                "ip": "35.209.251.221",
                "avg_cpu": 0.181,
                "avg_mem_mb": 9223.87,
                "samples_count": 0
            },
            {
                "ip": "35.239.56.104",
                "avg_cpu": 0.195,
                "avg_mem_mb": 9203.42,
                "samples_count": 0
            },
            {
                "ip": "35.208.205.25",
                "avg_cpu": 0.217,
                "avg_mem_mb": 9203.07,
                "samples_count": 0
            }
        ]
    }
}