{
    "parameters": {
        "mq_type": "rocketmq",
        "broker_address": "35.209.251.221:9876;35.239.56.104:9876;35.208.205.25:9876",
        "topic": "test-throughput_scaling_rocketmq",
        "num_producers": 40,
        "num_consumers": 26,
        "messages_per_producer": 5000,
        "log_interval": 500,
        "message_size": 100,
        "remote_ips": [
            "35.209.251.221",
            "35.239.56.104",
            "35.208.205.25"
        ]
    },
    "summary": {
        "total_messages_produced": 200000,
        "producer_avg_throughput": 8180.527050475586,
        "consumer_avg_throughput": 69.20146589135518,
        "consumer_avg_latency": 43.06400616319858,
        "consumer_p99_latency": 86.38290188862727,
        "consumer_cold_start_latency": 0.3451514321107131,
        "remote_avg_cpu": 0.2053333333333333,
        "remote_avg_mem_mb": 9208.92016506195,
        "remote_servers": [
            {
                "ip": "35.209.251.221",
                "avg_cpu": 0.185,
                "avg_mem_mb": 9208.83,
                "samples_count": 0
            },
            {
                "ip": "35.239.56.104",
                "avg_cpu": 0.214,
                "avg_mem_mb": 9210.59,
                "samples_count": 0
            },
            {
                "ip": "35.208.205.25",
                "avg_cpu": 0.217,
                "avg_mem_mb": 9207.34,
                "samples_count": 0
            }
        ]
    }
}