{
    "parameters": {
        "mq_type": "rocketmq",
        "broker_address": "35.209.251.221:9876;35.239.56.104:9876;35.208.205.25:9876",
        "topic": "test-throughput_scaling_rocketmq",
        "num_producers": 40,
        "num_consumers": 26,
        "messages_per_producer": 10000,
        "log_interval": 500,
        "message_size": 100,
        "remote_ips": [
            "35.209.251.221",
            "35.239.56.104",
            "35.208.205.25"
        ]
    },
    "summary": {
        "total_messages_produced": 400000,
        "producer_avg_throughput": 11380.734718889364,
        "consumer_avg_throughput": 92.61496284169979,
        "consumer_avg_latency": 53.41927112439146,
        "consumer_p99_latency": 91.51459870888637,
        "consumer_cold_start_latency": 0.21959563457048853,
        "remote_avg_cpu": 0.1456666666666667,
        "remote_avg_mem_mb": 9221.929768562317,
        "remote_servers": [
            {
                "ip": "35.209.251.221",
                "avg_cpu": 0.145,
                "avg_mem_mb": 9246.01,
                "samples_count": 0
            },
            {
                "ip": "35.239.56.104",
                "avg_cpu": 0.14,
                "avg_mem_mb": 9212.82,
                "samples_count": 0
            },
            {
                "ip": "35.208.205.25",
                "avg_cpu": 0.152,
                "avg_mem_mb": 9206.95,
                "samples_count": 0
            }
        ]
    }
}