{
    "parameters": {
        "mq_type": "rocketmq",
        "broker_address": "35.209.251.221:9876;35.239.56.104:9876;35.208.205.25:9876",
        "topic": "test-throughput_scaling_rocketmq",
        "num_producers": 40,
        "num_consumers": 28,
        "messages_per_producer": 10000,
        "log_interval": 500,
        "message_size": 100,
        "remote_ips": [
            "35.209.251.221",
            "35.239.56.104",
            "35.208.205.25"
        ]
    },
    "summary": {
        "total_messages_produced": 400000,
        "producer_avg_throughput": 10858.6640324708,
        "consumer_avg_throughput": 62.306789984652035,
        "consumer_avg_latency": 94.54712219884216,
        "consumer_p99_latency": 191.53169632809502,
        "consumer_cold_start_latency": 0.28898993032319203,
        "remote_avg_cpu": 0.157,
        "remote_avg_mem_mb": 9233.742223421732,
        "remote_servers": [
            {
                "ip": "35.209.251.221",
                "avg_cpu": 0.145,
                "avg_mem_mb": 9238.65,
                "samples_count": 0
            },
            {
                "ip": "35.239.56.104",
                "avg_cpu": 0.167,
                "avg_mem_mb": 9236.47,
                "samples_count": 0
            },
            {
                "ip": "35.208.205.25",
                "avg_cpu": 0.159,
                "avg_mem_mb": 9226.11,
                "samples_count": 0
            }
        ]
    }
}