{
    "parameters": {
        "mq_type": "rocketmq",
        "broker_address": "35.209.251.221:9876;35.239.56.104:9876;35.208.205.25:9876",
        "topic": "test-throughput_scaling_rocketmq",
        "num_producers": 40,
        "num_consumers": 29,
        "messages_per_producer": 5000,
        "log_interval": 500,
        "message_size": 100,
        "remote_ips": [
            "35.209.251.221",
            "35.239.56.104",
            "35.208.205.25"
        ]
    },
    "summary": {
        "total_messages_produced": 200000,
        "producer_avg_throughput": 8963.470116858167,
        "consumer_avg_throughput": 77.22411802687253,
        "consumer_avg_latency": 28.075617819302987,
        "consumer_p99_latency": 49.820607645758265,
        "consumer_cold_start_latency": 0.18910551169822956,
        "remote_avg_cpu": 0.17933333333333334,
        "remote_avg_mem_mb": 9216.509541829428,
        "remote_servers": [
            {
                "ip": "35.209.251.221",
                "avg_cpu": 0.178,
                "avg_mem_mb": 9232.62,
                "samples_count": 0
            },
            {
                "ip": "35.239.56.104",
                "avg_cpu": 0.17,
                "avg_mem_mb": 9209.28,
                "samples_count": 0
            },
            {
                "ip": "35.208.205.25",
                "avg_cpu": 0.19,
                "avg_mem_mb": 9207.63,
                "samples_count": 0
            }
        ]
    }
}