{
    "parameters": {
        "mq_type": "rocketmq",
        "broker_address": "35.209.251.221:9876;35.239.56.104:9876;35.208.205.25:9876",
        "topic": "test-throughput_scaling_rocketmq",
        "num_producers": 40,
        "num_consumers": 2,
        "messages_per_producer": 5000,
        "log_interval": 500,
        "message_size": 100,
        "remote_ips": [
            "35.209.251.221",
            "35.239.56.104",
            "35.208.205.25"
        ]
    },
    "summary": {
        "total_messages_produced": 200000,
        "producer_avg_throughput": 11220.656475059397,
        "consumer_avg_throughput": 993.8227439580219,
        "consumer_avg_latency": 40.752501523463174,
        "consumer_p99_latency": 82.31379878520966,
        "consumer_cold_start_latency": 0.33657423734664915,
        "remote_avg_cpu": 0.176,
        "remote_avg_mem_mb": 9213.703883488974,
        "remote_servers": [
            {
                "ip": "35.209.251.221",
                "avg_cpu": 0.146,
                "avg_mem_mb": 9223.04,
                "samples_count": 0
            },
            {
                "ip": "35.239.56.104",
                "avg_cpu": 0.179,
                "avg_mem_mb": 9196.84,
                "samples_count": 0
            },
            {
                "ip": "35.208.205.25",
                "avg_cpu": 0.203,
                "avg_mem_mb": 9221.24,
                "samples_count": 0
            }
        ]
    }
}