{
    "parameters": {
        "mq_type": "rocketmq",
        "broker_address": "35.209.251.221:9876;35.239.56.104:9876;35.208.205.25:9876",
        "topic": "test-throughput_scaling_rocketmq",
        "num_producers": 40,
        "num_consumers": 30,
        "messages_per_producer": 5000,
        "log_interval": 500,
        "message_size": 100,
        "remote_ips": [
            "35.209.251.221",
            "35.239.56.104",
            "35.208.205.25"
        ]
    },
    "summary": {
        "total_messages_produced": 200000,
        "producer_avg_throughput": 8347.16208650673,
        "consumer_avg_throughput": 58.544071448554334,
        "consumer_avg_latency": 45.21683556886315,
        "consumer_p99_latency": 89.38742322127024,
        "consumer_cold_start_latency": 0.20079699103037513,
        "remote_avg_cpu": 0.198,
        "remote_avg_mem_mb": 9213.72026570638,
        "remote_servers": [
            {
                "ip": "35.209.251.221",
                "avg_cpu": 0.2,
                "avg_mem_mb": 9243.04,
                "samples_count": 0
            },
            {
                "ip": "35.239.56.104",
                "avg_cpu": 0.188,
                "avg_mem_mb": 9189.23,
                "samples_count": 0
            },
            {
                "ip": "35.208.205.25",
                "avg_cpu": 0.206,
                "avg_mem_mb": 9208.89,
                "samples_count": 0
            }
        ]
    }
}