{
    "parameters": {
        "mq_type": "rocketmq",
        "broker_address": "35.209.251.221:9876;35.239.56.104:9876;35.208.205.25:9876",
        "topic": "test-throughput_scaling_rocketmq",
        "num_producers": 40,
        "num_consumers": 30,
        "messages_per_producer": 2000,
        "log_interval": 100,
        "message_size": 100,
        "remote_ips": [
            "35.209.251.221",
            "35.239.56.104",
            "35.208.205.25"
        ]
    },
    "summary": {
        "total_messages_produced": 80000,
        "producer_avg_throughput": 3687.1848230508126,
        "consumer_avg_throughput": 50.34077697407237,
        "consumer_avg_latency": 1.7632643167729178,
        "consumer_p99_latency": 4.326066780090332,
        "consumer_cold_start_latency": 0.15421796449025474,
        "remote_avg_cpu": 0.18066666666666667,
        "remote_avg_mem_mb": 9197.789478937784,
        "remote_servers": [
            {
                "ip": "35.209.251.221",
                "avg_cpu": 0.067,
                "avg_mem_mb": 9189.04,
                "samples_count": 0
            },
            {
                "ip": "35.239.56.104",
                "avg_cpu": 0.426,
                "avg_mem_mb": 9190.68,
                "samples_count": 0
            },
            {
                "ip": "35.208.205.25",
                "avg_cpu": 0.049,
                "avg_mem_mb": 9213.65,
                "samples_count": 0
            }
        ]
    }
}