{
    "parameters": {
        "mq_type": "rocketmq",
        "broker_address": "35.209.251.221:9876;35.239.56.104:9876;35.208.205.25:9876",
        "topic": "test-throughput_scaling_rocketmq",
        "num_producers": 40,
        "num_consumers": 30,
        "messages_per_producer": 10000,
        "log_interval": 500,
        "message_size": 100,
        "remote_ips": [
            "35.209.251.221",
            "35.239.56.104",
            "35.208.205.25"
        ]
    },
    "summary": {
        "total_messages_produced": 400000,
        "producer_avg_throughput": 11161.049462024983,
        "consumer_avg_throughput": 60.98786812130281,
        "consumer_avg_latency": 91.95434700098507,
        "consumer_p99_latency": 182.02089350223542,
        "consumer_cold_start_latency": 0.2758205892244974,
        "remote_avg_cpu": 0.16,
        "remote_avg_mem_mb": 9228.043279329935,
        "remote_servers": [
            {
                "ip": "35.209.251.221",
                "avg_cpu": 0.166,
                "avg_mem_mb": 9236.53,
                "samples_count": 0
            },
            {
                "ip": "35.239.56.104",
                "avg_cpu": 0.146,
                "avg_mem_mb": 9203.86,
                "samples_count": 0
            },
            {
                "ip": "35.208.205.25",
                "avg_cpu": 0.168,
                "avg_mem_mb": 9243.74,
                "samples_count": 0
            }
        ]
    }
}