{
    "parameters": {
        "mq_type": "rocketmq",
        "broker_address": "35.209.251.221:9876;35.239.56.104:9876;35.208.205.25:9876",
        "topic": "test-throughput_scaling_rocketmq",
        "num_producers": 40,
        "num_consumers": 30,
        "messages_per_producer": 5000,
        "log_interval": 100,
        "message_size": 100,
        "remote_ips": [
            "35.209.251.221",
            "35.239.56.104",
            "35.208.205.25"
        ]
    },
    "summary": {
        "total_messages_produced": 200000,
        "producer_avg_throughput": 5161.728053540642,
        "consumer_avg_throughput": 56.247922932051594,
        "consumer_avg_latency": 5.651548660584103,
        "consumer_p99_latency": 12.430637629826863,
        "consumer_cold_start_latency": 0.15052388445536297,
        "remote_avg_cpu": 0.14833333333333334,
        "remote_avg_mem_mb": 9214.19182840983,
        "remote_servers": [
            {
                "ip": "35.209.251.221",
                "avg_cpu": 0.053,
                "avg_mem_mb": 9226.14,
                "samples_count": 0
            },
            {
                "ip": "35.239.56.104",
                "avg_cpu": 0.355,
                "avg_mem_mb": 9220.0,
                "samples_count": 0
            },
            {
                "ip": "35.208.205.25",
                "avg_cpu": 0.037,
                "avg_mem_mb": 9196.43,
                "samples_count": 0
            }
        ]
    }
}