{
    "parameters": {
        "mq_type": "rocketmq",
        "broker_address": "35.209.251.221:9876;35.239.56.104:9876;35.208.205.25:9876",
        "topic": "test-throughput_scaling_rocketmq",
        "num_producers": 40,
        "num_consumers": 31,
        "messages_per_producer": 10000,
        "log_interval": 500,
        "message_size": 100,
        "remote_ips": [
            "35.209.251.221",
            "35.239.56.104",
            "35.208.205.25"
        ]
    },
    "summary": {
        "total_messages_produced": 400000,
        "producer_avg_throughput": 11570.813466749985,
        "consumer_avg_throughput": 56.25401205336295,
        "consumer_avg_latency": 96.73438815078444,
        "consumer_p99_latency": 193.7629538812945,
        "consumer_cold_start_latency": 0.1835446380799817,
        "remote_avg_cpu": 0.15366666666666665,
        "remote_avg_mem_mb": 9236.87463315328,
        "remote_servers": [
            {
                "ip": "35.209.251.221",
                "avg_cpu": 0.146,
                "avg_mem_mb": 9250.87,
                "samples_count": 0
            },
            {
                "ip": "35.239.56.104",
                "avg_cpu": 0.146,
                "avg_mem_mb": 9230.26,
                "samples_count": 0
            },
            {
                "ip": "35.208.205.25",
                "avg_cpu": 0.169,
                "avg_mem_mb": 9229.5,
                "samples_count": 0
            }
        ]
    }
}