{
    "parameters": {
        "mq_type": "rocketmq",
        "broker_address": "35.209.251.221:9876;35.239.56.104:9876;35.208.205.25:9876",
        "topic": "test-throughput_scaling_rocketmq",
        "num_producers": 40,
        "num_consumers": 32,
        "messages_per_producer": 5000,
        "log_interval": 500,
        "message_size": 100,
        "remote_ips": [
            "35.209.251.221",
            "35.239.56.104",
            "35.208.205.25"
        ]
    },
    "summary": {
        "total_messages_produced": 200000,
        "producer_avg_throughput": 8092.224843322662,
        "consumer_avg_throughput": 54.15494916813172,
        "consumer_avg_latency": 45.66841513973231,
        "consumer_p99_latency": 90.2377106770873,
        "consumer_cold_start_latency": 0.4517871721088887,
        "remote_avg_cpu": 0.20133333333333334,
        "remote_avg_mem_mb": 9212.891776402792,
        "remote_servers": [
            {
                "ip": "35.209.251.221",
                "avg_cpu": 0.202,
                "avg_mem_mb": 9220.8,
                "samples_count": 0
            },
            {
                "ip": "35.239.56.104",
                "avg_cpu": 0.198,
                "avg_mem_mb": 9211.38,
                "samples_count": 0
            },
            {
                "ip": "35.208.205.25",
                "avg_cpu": 0.204,
                "avg_mem_mb": 9206.5,
                "samples_count": 0
            }
        ]
    }
}