{
    "parameters": {
        "mq_type": "rocketmq",
        "broker_address": "35.209.251.221:9876;35.239.56.104:9876;35.208.205.25:9876",
        "topic": "test-throughput_scaling_rocketmq",
        "num_producers": 40,
        "num_consumers": 32,
        "messages_per_producer": 10000,
        "log_interval": 500,
        "message_size": 100,
        "remote_ips": [
            "35.209.251.221",
            "35.239.56.104",
            "35.208.205.25"
        ]
    },
    "summary": {
        "total_messages_produced": 400000,
        "producer_avg_throughput": 10789.40098701201,
        "consumer_avg_throughput": 55.056187525987255,
        "consumer_avg_latency": 94.81806408756205,
        "consumer_p99_latency": 189.19114381074905,
        "consumer_cold_start_latency": 0.24697486698627474,
        "remote_avg_cpu": 0.15633333333333332,
        "remote_avg_mem_mb": 9236.057295481363,
        "remote_servers": [
            {
                "ip": "35.209.251.221",
                "avg_cpu": 0.165,
                "avg_mem_mb": 9251.72,
                "samples_count": 0
            },
            {
                "ip": "35.239.56.104",
                "avg_cpu": 0.148,
                "avg_mem_mb": 9226.48,
                "samples_count": 0
            },
            {
                "ip": "35.208.205.25",
                "avg_cpu": 0.156,
                "avg_mem_mb": 9229.97,
                "samples_count": 0
            }
        ]
    }
}