{
    "parameters": {
        "mq_type": "rocketmq",
        "broker_address": "35.209.251.221:9876;35.239.56.104:9876;35.208.205.25:9876",
        "topic": "test-throughput_scaling_rocketmq",
        "num_producers": 40,
        "num_consumers": 33,
        "messages_per_producer": 10000,
        "log_interval": 500,
        "message_size": 100,
        "remote_ips": [
            "35.209.251.221",
            "35.239.56.104",
            "35.208.205.25"
        ]
    },
    "summary": {
        "total_messages_produced": 400000,
        "producer_avg_throughput": 9194.538844160345,
        "consumer_avg_throughput": 53.30000809267644,
        "consumer_avg_latency": 90.44676791473732,
        "consumer_p99_latency": 182.96600833083644,
        "consumer_cold_start_latency": 0.41925029740189057,
        "remote_avg_cpu": 0.16699999999999998,
        "remote_avg_mem_mb": 9216.677554448446,
        "remote_servers": [
            {
                "ip": "35.209.251.221",
                "avg_cpu": 0.206,
                "avg_mem_mb": 9247.49,
                "samples_count": 0
            },
            {
                "ip": "35.239.56.104",
                "avg_cpu": 0.14,
                "avg_mem_mb": 9195.21,
                "samples_count": 0
            },
            {
                "ip": "35.208.205.25",
                "avg_cpu": 0.155,
                "avg_mem_mb": 9207.33,
                "samples_count": 0
            }
        ]
    }
}