{
    "parameters": {
        "mq_type": "rocketmq",
        "broker_address": "35.209.251.221:9876;35.239.56.104:9876;35.208.205.25:9876",
        "topic": "test-throughput_scaling_rocketmq",
        "num_producers": 40,
        "num_consumers": 33,
        "messages_per_producer": 5000,
        "log_interval": 500,
        "message_size": 100,
        "remote_ips": [
            "35.209.251.221",
            "35.239.56.104",
            "35.208.205.25"
        ]
    },
    "summary": {
        "total_messages_produced": 200000,
        "producer_avg_throughput": 7981.61575490246,
        "consumer_avg_throughput": 53.05701897146873,
        "consumer_avg_latency": 45.18354925535346,
        "consumer_p99_latency": 88.93351577989984,
        "consumer_cold_start_latency": 0.28649178996230606,
        "remote_avg_cpu": 0.203,
        "remote_avg_mem_mb": 9203.624954859415,
        "remote_servers": [
            {
                "ip": "35.209.251.221",
                "avg_cpu": 0.204,
                "avg_mem_mb": 9215.51,
                "samples_count": 0
            },
            {
                "ip": "35.239.56.104",
                "avg_cpu": 0.195,
                "avg_mem_mb": 9201.95,
                "samples_count": 0
            },
            {
                "ip": "35.208.205.25",
                "avg_cpu": 0.21,
                "avg_mem_mb": 9193.41,
                "samples_count": 0
            }
        ]
    }
}