{
    "parameters": {
        "mq_type": "rocketmq",
        "broker_address": "35.209.251.221:9876;35.239.56.104:9876;35.208.205.25:9876",
        "topic": "test-throughput_scaling_rocketmq",
        "num_producers": 40,
        "num_consumers": 34,
        "messages_per_producer": 10000,
        "log_interval": 500,
        "message_size": 100,
        "remote_ips": [
            "35.209.251.221",
            "35.239.56.104",
            "35.208.205.25"
        ]
    },
    "summary": {
        "total_messages_produced": 400000,
        "producer_avg_throughput": 10542.77526272849,
        "consumer_avg_throughput": 51.515736951487916,
        "consumer_avg_latency": 95.5949650600138,
        "consumer_p99_latency": 189.7818401000079,
        "consumer_cold_start_latency": 0.3191096352128422,
        "remote_avg_cpu": 0.1746666666666667,
        "remote_avg_mem_mb": 9230.792072296143,
        "remote_servers": [
            {
                "ip": "35.209.251.221",
                "avg_cpu": 0.146,
                "avg_mem_mb": 9243.29,
                "samples_count": 0
            },
            {
                "ip": "35.239.56.104",
                "avg_cpu": 0.206,
                "avg_mem_mb": 9234.62,
                "samples_count": 0
            },
            {
                "ip": "35.208.205.25",
                "avg_cpu": 0.172,
                "avg_mem_mb": 9214.47,
                "samples_count": 0
            }
        ]
    }
}