{
    "parameters": {
        "mq_type": "rocketmq",
        "broker_address": "35.209.251.221:9876;35.239.56.104:9876;35.208.205.25:9876",
        "topic": "test-throughput_scaling_rocketmq",
        "num_producers": 40,
        "num_consumers": 34,
        "messages_per_producer": 5000,
        "log_interval": 500,
        "message_size": 100,
        "remote_ips": [
            "35.209.251.221",
            "35.239.56.104",
            "35.208.205.25"
        ]
    },
    "summary": {
        "total_messages_produced": 200000,
        "producer_avg_throughput": 7225.979666044044,
        "consumer_avg_throughput": 49.64981759005451,
        "consumer_avg_latency": 45.710180588928324,
        "consumer_p99_latency": 90.39556377775529,
        "consumer_cold_start_latency": 0.39236010074615496,
        "remote_avg_cpu": 0.2096666666666667,
        "remote_avg_mem_mb": 9207.505250295004,
        "remote_servers": [
            {
                "ip": "35.209.251.221",
                "avg_cpu": 0.18,
                "avg_mem_mb": 9221.2,
                "samples_count": 0
            },
            {
                "ip": "35.239.56.104",
                "avg_cpu": 0.241,
                "avg_mem_mb": 9189.33,
                "samples_count": 0
            },
            {
                "ip": "35.208.205.25",
                "avg_cpu": 0.208,
                "avg_mem_mb": 9211.99,
                "samples_count": 0
            }
        ]
    }
}