{
    "parameters": {
        "mq_type": "rocketmq",
        "broker_address": "35.209.251.221:9876;35.239.56.104:9876;35.208.205.25:9876",
        "topic": "test-throughput_scaling_rocketmq",
        "num_producers": 40,
        "num_consumers": 36,
        "messages_per_producer": 10000,
        "log_interval": 500,
        "message_size": 100,
        "remote_ips": [
            "35.209.251.221",
            "35.239.56.104",
            "35.208.205.25"
        ]
    },
    "summary": {
        "total_messages_produced": 400000,
        "producer_avg_throughput": 11563.618304906626,
        "consumer_avg_throughput": 71.80409234736997,
        "consumer_avg_latency": 45.43375733301384,
        "consumer_p99_latency": 78.3060867521498,
        "consumer_cold_start_latency": 0.21798412972026404,
        "remote_avg_cpu": 0.154,
        "remote_avg_mem_mb": 9257.233242988586,
        "remote_servers": [
            {
                "ip": "35.209.251.221",
                "avg_cpu": 0.148,
                "avg_mem_mb": 9244.7,
                "samples_count": 0
            },
            {
                "ip": "35.239.56.104",
                "avg_cpu": 0.152,
                "avg_mem_mb": 9262.36,
                "samples_count": 0
            },
            {
                "ip": "35.208.205.25",
                "avg_cpu": 0.162,
                "avg_mem_mb": 9264.64,
                "samples_count": 0
            }
        ]
    }
}