{
    "parameters": {
        "mq_type": "rocketmq",
        "broker_address": "35.209.251.221:9876;35.239.56.104:9876;35.208.205.25:9876",
        "topic": "test-throughput_scaling_rocketmq",
        "num_producers": 40,
        "num_consumers": 36,
        "messages_per_producer": 5000,
        "log_interval": 500,
        "message_size": 100,
        "remote_ips": [
            "35.209.251.221",
            "35.239.56.104",
            "35.208.205.25"
        ]
    },
    "summary": {
        "total_messages_produced": 200000,
        "producer_avg_throughput": 8098.861745390416,
        "consumer_avg_throughput": 47.47309261357567,
        "consumer_avg_latency": 46.281050223201966,
        "consumer_p99_latency": 92.03048937188254,
        "consumer_cold_start_latency": 0.3744921447171105,
        "remote_avg_cpu": 0.20199999999999999,
        "remote_avg_mem_mb": 9247.360961914062,
        "remote_servers": [
            {
                "ip": "35.209.251.221",
                "avg_cpu": 0.192,
                "avg_mem_mb": 9218.29,
                "samples_count": 0
            },
            {
                "ip": "35.239.56.104",
                "avg_cpu": 0.202,
                "avg_mem_mb": 9205.55,
                "samples_count": 0
            },
            {
                "ip": "35.208.205.25",
                "avg_cpu": 0.212,
                "avg_mem_mb": 9318.25,
                "samples_count": 0
            }
        ]
    }
}