{
    "parameters": {
        "mq_type": "rocketmq",
        "broker_address": "35.209.251.221:9876;35.239.56.104:9876;35.208.205.25:9876",
        "topic": "test-throughput_scaling_rocketmq",
        "num_producers": 40,
        "num_consumers": 37,
        "messages_per_producer": 10000,
        "log_interval": 500,
        "message_size": 100,
        "remote_ips": [
            "35.209.251.221",
            "35.239.56.104",
            "35.208.205.25"
        ]
    },
    "summary": {
        "total_messages_produced": 400000,
        "producer_avg_throughput": 10804.97175322298,
        "consumer_avg_throughput": 47.433227581167884,
        "consumer_avg_latency": 96.02038935989947,
        "consumer_p99_latency": 190.00445519911275,
        "consumer_cold_start_latency": 0.22314344522115348,
        "remote_avg_cpu": 0.163,
        "remote_avg_mem_mb": 9265.284860928854,
        "remote_servers": [
            {
                "ip": "35.209.251.221",
                "avg_cpu": 0.164,
                "avg_mem_mb": 9268.26,
                "samples_count": 0
            },
            {
                "ip": "35.239.56.104",
                "avg_cpu": 0.161,
                "avg_mem_mb": 9314.94,
                "samples_count": 0
            },
            {
                "ip": "35.208.205.25",
                "avg_cpu": 0.164,
                "avg_mem_mb": 9212.66,
                "samples_count": 0
            }
        ]
    }
}