{
    "parameters": {
        "mq_type": "rocketmq",
        "broker_address": "35.209.251.221:9876;35.239.56.104:9876;35.208.205.25:9876",
        "topic": "test-throughput_scaling_rocketmq",
        "num_producers": 40,
        "num_consumers": 37,
        "messages_per_producer": 5000,
        "log_interval": 500,
        "message_size": 100,
        "remote_ips": [
            "35.209.251.221",
            "35.239.56.104",
            "35.208.205.25"
        ]
    },
    "summary": {
        "total_messages_produced": 200000,
        "producer_avg_throughput": 7428.425866468651,
        "consumer_avg_throughput": 52.5220119071603,
        "consumer_avg_latency": 36.165566371117635,
        "consumer_p99_latency": 67.04258081719682,
        "consumer_cold_start_latency": 0.37376108633505345,
        "remote_avg_cpu": 0.21,
        "remote_avg_mem_mb": 9228.790587425232,
        "remote_servers": [
            {
                "ip": "35.209.251.221",
                "avg_cpu": 0.202,
                "avg_mem_mb": 9255.45,
                "samples_count": 0
            },
            {
                "ip": "35.239.56.104",
                "avg_cpu": 0.215,
                "avg_mem_mb": 9215.29,
                "samples_count": 0
            },
            {
                "ip": "35.208.205.25",
                "avg_cpu": 0.213,
                "avg_mem_mb": 9215.62,
                "samples_count": 0
            }
        ]
    }
}