{
    "parameters": {
        "mq_type": "rocketmq",
        "broker_address": "35.209.251.221:9876;35.239.56.104:9876;35.208.205.25:9876",
        "topic": "test-throughput_scaling_rocketmq",
        "num_producers": 40,
        "num_consumers": 38,
        "messages_per_producer": 5000,
        "log_interval": 500,
        "message_size": 100,
        "remote_ips": [
            "35.209.251.221",
            "35.239.56.104",
            "35.208.205.25"
        ]
    },
    "summary": {
        "total_messages_produced": 200000,
        "producer_avg_throughput": 8609.100847259677,
        "consumer_avg_throughput": 58.307112674445534,
        "consumer_avg_latency": 23.44977819405877,
        "consumer_p99_latency": 41.99216486278333,
        "consumer_cold_start_latency": 0.253908651251542,
        "remote_avg_cpu": 0.18866666666666668,
        "remote_avg_mem_mb": 9216.798926035563,
        "remote_servers": [
            {
                "ip": "35.209.251.221",
                "avg_cpu": 0.188,
                "avg_mem_mb": 9235.35,
                "samples_count": 0
            },
            {
                "ip": "35.239.56.104",
                "avg_cpu": 0.179,
                "avg_mem_mb": 9196.85,
                "samples_count": 0
            },
            {
                "ip": "35.208.205.25",
                "avg_cpu": 0.199,
                "avg_mem_mb": 9218.2,
                "samples_count": 0
            }
        ]
    }
}