{
    "parameters": {
        "mq_type": "rocketmq",
        "broker_address": "35.209.251.221:9876;35.239.56.104:9876;35.208.205.25:9876",
        "topic": "test-throughput_scaling_rocketmq",
        "num_producers": 40,
        "num_consumers": 39,
        "messages_per_producer": 10000,
        "log_interval": 500,
        "message_size": 100,
        "remote_ips": [
            "35.209.251.221",
            "35.239.56.104",
            "35.208.205.25"
        ]
    },
    "summary": {
        "total_messages_produced": 400000,
        "producer_avg_throughput": 11051.46224963428,
        "consumer_avg_throughput": 45.57888577544637,
        "consumer_avg_latency": 94.12218261141221,
        "consumer_p99_latency": 187.80004718976144,
        "consumer_cold_start_latency": 0.3151839954425127,
        "remote_avg_cpu": 0.15666666666666665,
        "remote_avg_mem_mb": 9227.28712272644,
        "remote_servers": [
            {
                "ip": "35.209.251.221",
                "avg_cpu": 0.16,
                "avg_mem_mb": 9263.01,
                "samples_count": 0
            },
            {
                "ip": "35.239.56.104",
                "avg_cpu": 0.155,
                "avg_mem_mb": 9205.07,
                "samples_count": 0
            },
            {
                "ip": "35.208.205.25",
                "avg_cpu": 0.155,
                "avg_mem_mb": 9213.78,
                "samples_count": 0
            }
        ]
    }
}