{
    "parameters": {
        "mq_type": "rocketmq",
        "broker_address": "35.209.251.221:9876;35.239.56.104:9876;35.208.205.25:9876",
        "topic": "test-throughput_scaling_rocketmq",
        "num_producers": 40,
        "num_consumers": 3,
        "messages_per_producer": 5000,
        "log_interval": 500,
        "message_size": 100,
        "remote_ips": [
            "35.209.251.221",
            "35.239.56.104",
            "35.208.205.25"
        ]
    },
    "summary": {
        "total_messages_produced": 200000,
        "producer_avg_throughput": 10575.517057143239,
        "consumer_avg_throughput": 637.8482014668906,
        "consumer_avg_latency": 42.18140852945208,
        "consumer_p99_latency": 85.0142441590627,
        "consumer_cold_start_latency": 0.16878413995107014,
        "remote_avg_cpu": 0.17266666666666666,
        "remote_avg_mem_mb": 9210.536705970764,
        "remote_servers": [
            {
                "ip": "35.209.251.221",
                "avg_cpu": 0.148,
                "avg_mem_mb": 9221.33,
                "samples_count": 0
            },
            {
                "ip": "35.239.56.104",
                "avg_cpu": 0.155,
                "avg_mem_mb": 9210.2,
                "samples_count": 0
            },
            {
                "ip": "35.208.205.25",
                "avg_cpu": 0.215,
                "avg_mem_mb": 9200.09,
                "samples_count": 0
            }
        ]
    }
}