{
    "parameters": {
        "mq_type": "rocketmq",
        "broker_address": "35.209.251.221:9876;35.239.56.104:9876;35.208.205.25:9876",
        "topic": "test-throughput_scaling_rocketmq",
        "num_producers": 40,
        "num_consumers": 40,
        "messages_per_producer": 10000,
        "log_interval": 500,
        "message_size": 100,
        "remote_ips": [
            "35.209.251.221",
            "35.239.56.104",
            "35.208.205.25"
        ]
    },
    "summary": {
        "total_messages_produced": 400000,
        "producer_avg_throughput": 11237.086642522434,
        "consumer_avg_throughput": 45.239856558176626,
        "consumer_avg_latency": 93.44343997234111,
        "consumer_p99_latency": 181.42829864025117,
        "consumer_cold_start_latency": 0.2897872352600097,
        "remote_avg_cpu": 0.16400000000000003,
        "remote_avg_mem_mb": 9267.017944018045,
        "remote_servers": [
            {
                "ip": "35.209.251.221",
                "avg_cpu": 0.16,
                "avg_mem_mb": 9270.2,
                "samples_count": 0
            },
            {
                "ip": "35.239.56.104",
                "avg_cpu": 0.159,
                "avg_mem_mb": 9205.44,
                "samples_count": 0
            },
            {
                "ip": "35.208.205.25",
                "avg_cpu": 0.173,
                "avg_mem_mb": 9325.41,
                "samples_count": 0
            }
        ]
    }
}