{
    "parameters": {
        "mq_type": "rocketmq",
        "broker_address": "35.209.251.221:9876;35.239.56.104:9876;35.208.205.25:9876",
        "topic": "test-throughput_scaling_rocketmq",
        "num_producers": 40,
        "num_consumers": 40,
        "messages_per_producer": 2000,
        "log_interval": 100,
        "message_size": 100,
        "remote_ips": [
            "35.209.251.221",
            "35.239.56.104",
            "35.208.205.25"
        ]
    },
    "summary": {
        "total_messages_produced": 80000,
        "producer_avg_throughput": 2842.8907507434383,
        "consumer_avg_throughput": 46.14409277207673,
        "consumer_avg_latency": 4.5361648998219675,
        "consumer_p99_latency": 10.134110367298126,
        "consumer_cold_start_latency": 0.13769158172607426,
        "remote_avg_cpu": 0.20733333333333334,
        "remote_avg_mem_mb": 9202.285115877787,
        "remote_servers": [
            {
                "ip": "35.209.251.221",
                "avg_cpu": 0.077,
                "avg_mem_mb": 9219.59,
                "samples_count": 0
            },
            {
                "ip": "35.239.56.104",
                "avg_cpu": 0.489,
                "avg_mem_mb": 9183.6,
                "samples_count": 0
            },
            {
                "ip": "35.208.205.25",
                "avg_cpu": 0.056,
                "avg_mem_mb": 9203.66,
                "samples_count": 0
            }
        ]
    }
}