{
    "parameters": {
        "mq_type": "rocketmq",
        "broker_address": "35.209.251.221:9876;35.239.56.104:9876;35.208.205.25:9876",
        "topic": "test-throughput_scaling_rocketmq",
        "num_producers": 10,
        "num_consumers": 5,
        "messages_per_producer": 5000,
        "log_interval": 1,
        "message_size": 100,
        "remote_ips": [
            "35.209.251.221",
            "35.239.56.104",
            "35.208.205.25"
        ]
    },
    "summary": {
        "total_messages_produced": 50000,
        "producer_avg_throughput": 3747.952670631095,
        "consumer_avg_throughput": 484.61737138719747,
        "consumer_avg_latency": 29055.98088660914,
        "consumer_p99_latency": 32677.675075387953,
        "consumer_cold_start_latency": 29397.56150819302,
        "remote_avg_cpu": 0.28900000000000003,
        "remote_avg_mem_mb": 9468.669402122498,
        "remote_servers": [
            {
                "ip": "35.209.251.221",
                "avg_cpu": 0.231,
                "avg_mem_mb": 9231.79,
                "samples_count": 0
            },
            {
                "ip": "35.239.56.104",
                "avg_cpu": 0.4,
                "avg_mem_mb": 9980.87,
                "samples_count": 0
            },
            {
                "ip": "35.208.205.25",
                "avg_cpu": 0.236,
                "avg_mem_mb": 9193.35,
                "samples_count": 0
            }
        ]
    }
}