{
    "parameters": {
        "mq_type": "rocketmq",
        "broker_address": "35.209.251.221:9876;35.239.56.104:9876;35.208.205.25:9876",
        "topic": "test-throughput_scaling_rocketmq",
        "num_producers": 40,
        "num_consumers": 5,
        "messages_per_producer": 2000,
        "log_interval": 100,
        "message_size": 100,
        "remote_ips": [
            "35.209.251.221",
            "35.239.56.104",
            "35.208.205.25"
        ]
    },
    "summary": {
        "total_messages_produced": 80000,
        "producer_avg_throughput": 7058.352581018501,
        "consumer_avg_throughput": 376.46097959100086,
        "consumer_avg_latency": 14.791631763738906,
        "consumer_p99_latency": 31.049542284011842,
        "consumer_cold_start_latency": 0.23541246604919436,
        "remote_avg_cpu": 0.225,
        "remote_avg_mem_mb": 9203.457111994425,
        "remote_servers": [
            {
                "ip": "35.209.251.221",
                "avg_cpu": 0.186,
                "avg_mem_mb": 9201.66,
                "samples_count": 0
            },
            {
                "ip": "35.239.56.104",
                "avg_cpu": 0.207,
                "avg_mem_mb": 9224.26,
                "samples_count": 0
            },
            {
                "ip": "35.208.205.25",
                "avg_cpu": 0.282,
                "avg_mem_mb": 9184.45,
                "samples_count": 0
            }
        ]
    }
}