{
    "parameters": {
        "mq_type": "rocketmq",
        "broker_address": "35.209.251.221:9876;35.239.56.104:9876;35.208.205.25:9876",
        "topic": "test-throughput_scaling_rocketmq",
        "num_producers": 40,
        "num_consumers": 5,
        "messages_per_producer": 10000,
        "log_interval": 100,
        "message_size": 100,
        "remote_ips": [
            "35.209.251.221",
            "35.239.56.104",
            "35.208.205.25"
        ]
    },
    "summary": {
        "total_messages_produced": 400000,
        "producer_avg_throughput": 13365.23667273351,
        "consumer_avg_throughput": 453.975651099748,
        "consumer_avg_latency": 77.96022361389798,
        "consumer_p99_latency": 137.98853893280028,
        "consumer_cold_start_latency": 0.1809436559677124,
        "remote_avg_cpu": 0.14133333333333334,
        "remote_avg_mem_mb": 9228.590044021606,
        "remote_servers": [
            {
                "ip": "35.209.251.221",
                "avg_cpu": 0.142,
                "avg_mem_mb": 9234.51,
                "samples_count": 0
            },
            {
                "ip": "35.239.56.104",
                "avg_cpu": 0.128,
                "avg_mem_mb": 9248.25,
                "samples_count": 0
            },
            {
                "ip": "35.208.205.25",
                "avg_cpu": 0.154,
                "avg_mem_mb": 9203.02,
                "samples_count": 0
            }
        ]
    }
}