{
    "parameters": {
        "mq_type": "rocketmq",
        "broker_address": "35.209.251.221:9876;35.239.56.104:9876;35.208.205.25:9876",
        "topic": "test-throughput_scaling_rocketmq",
        "num_producers": 40,
        "num_consumers": 5,
        "messages_per_producer": 10000,
        "log_interval": 100,
        "message_size": 100,
        "remote_ips": [
            "35.209.251.221",
            "35.239.56.104",
            "35.208.205.25"
        ]
    },
    "summary": {
        "total_messages_produced": 400000,
        "producer_avg_throughput": 6588.006766039693,
        "consumer_avg_throughput": 344.26665300423576,
        "consumer_avg_latency": 77.24994811154663,
        "consumer_p99_latency": 165.58200583457946,
        "consumer_cold_start_latency": 0.6176329202651977,
        "remote_avg_cpu": 0.117,
        "remote_avg_mem_mb": 9201.554302215576,
        "remote_servers": [
            {
                "ip": "35.209.251.221",
                "avg_cpu": 0.044,
                "avg_mem_mb": 9219.41,
                "samples_count": 0
            },
            {
                "ip": "35.239.56.104",
                "avg_cpu": 0.276,
                "avg_mem_mb": 9198.81,
                "samples_count": 0
            },
            {
                "ip": "35.208.205.25",
                "avg_cpu": 0.031,
                "avg_mem_mb": 9186.44,
                "samples_count": 0
            }
        ]
    }
}