{
    "parameters": {
        "mq_type": "rocketmq",
        "broker_address": "35.209.251.221:9876,35.239.56.104:9876,35.208.205.25:9876",
        "topic": "test-throughput_scaling_rocketmq",
        "num_producers": 10,
        "num_consumers": 5,
        "messages_per_producer": 5000,
        "log_interval": 1,
        "message_size": 100,
        "remote_ips": [
            "35.209.251.221",
            "35.239.56.104",
            "35.208.205.25"
        ]
    },
    "summary": {
        "total_messages_produced": 0,
        "producer_avg_throughput": 0.0,
        "consumer_avg_throughput": 522.212196689937,
        "consumer_avg_latency": 40416.19339874004,
        "consumer_p99_latency": 44184.55158538818,
        "consumer_cold_start_latency": 43241.67203213119,
        "remote_avg_cpu": 0.08066666666666666,
        "remote_avg_mem_mb": 9179.23254362742,
        "remote_servers": [
            {
                "ip": "35.209.251.221",
                "avg_cpu": 0.08,
                "avg_mem_mb": 9176.58,
                "samples_count": 0
            },
            {
                "ip": "35.239.56.104",
                "avg_cpu": 0.055,
                "avg_mem_mb": 9170.92,
                "samples_count": 0
            },
            {
                "ip": "35.208.205.25",
                "avg_cpu": 0.107,
                "avg_mem_mb": 9190.2,
                "samples_count": 0
            }
        ]
    }
}