{
    "parameters": {
        "mq_type": "rocketmq",
        "broker_address": "35.209.251.221:9876;35.239.56.104:9876;35.208.205.25:9876",
        "topic": "test-throughput_scaling_rocketmq",
        "num_producers": 10,
        "num_consumers": 5,
        "messages_per_producer": 5000,
        "log_interval": 1,
        "message_size": 100,
        "remote_ips": [
            "35.209.251.221",
            "35.239.56.104",
            "35.208.205.25"
        ]
    },
    "summary": {
        "total_messages_produced": 50000,
        "producer_avg_throughput": 4359.431233782199,
        "consumer_avg_throughput": 378.40235931453856,
        "consumer_avg_latency": 4.972283690492622,
        "consumer_p99_latency": 10.277950000762939,
        "consumer_cold_start_latency": 0.10851461982727051,
        "remote_avg_cpu": 0.2446666666666667,
        "remote_avg_mem_mb": 9291.184741020203,
        "remote_servers": [
            {
                "ip": "35.209.251.221",
                "avg_cpu": 0.206,
                "avg_mem_mb": 9480.95,
                "samples_count": 0
            },
            {
                "ip": "35.239.56.104",
                "avg_cpu": 0.258,
                "avg_mem_mb": 9191.04,
                "samples_count": 0
            },
            {
                "ip": "35.208.205.25",
                "avg_cpu": 0.27,
                "avg_mem_mb": 9201.56,
                "samples_count": 0
            }
        ]
    }
}