{
    "parameters": {
        "mq_type": "rocketmq",
        "broker_address": "35.209.251.221:9876;35.239.56.104:9876;35.208.205.25:9876",
        "topic": "test-throughput_scaling_rocketmq",
        "num_producers": 10,
        "num_consumers": 5,
        "messages_per_producer": 5000,
        "log_interval": 1,
        "message_size": 100,
        "remote_ips": [
            "35.209.251.221",
            "35.239.56.104",
            "35.208.205.25"
        ]
    },
    "summary": {
        "total_messages_produced": 0,
        "producer_avg_throughput": 0.0,
        "consumer_avg_throughput": 422.87151618921945,
        "consumer_avg_latency": 34067.79661562441,
        "consumer_p99_latency": 34070.278151130675,
        "consumer_cold_start_latency": 34065.71176283741,
        "remote_avg_cpu": 0.052333333333333336,
        "remote_avg_mem_mb": 9211.591624895731,
        "remote_servers": [
            {
                "ip": "35.209.251.221",
                "avg_cpu": 0.047,
                "avg_mem_mb": 9221.0,
                "samples_count": 0
            },
            {
                "ip": "35.239.56.104",
                "avg_cpu": 0.04,
                "avg_mem_mb": 9196.38,
                "samples_count": 0
            },
            {
                "ip": "35.208.205.25",
                "avg_cpu": 0.07,
                "avg_mem_mb": 9217.4,
                "samples_count": 0
            }
        ]
    }
}