{
    "parameters": {
        "mq_type": "rocketmq",
        "broker_address": "35.209.251.221:9876;35.239.56.104:9876;35.208.205.25:9876",
        "topic": "test-throughput_scaling_rocketmq",
        "num_producers": 10,
        "num_consumers": 5,
        "messages_per_producer": 5000,
        "log_interval": 1,
        "message_size": 100,
        "remote_ips": [
            "35.209.251.221",
            "35.239.56.104",
            "35.208.205.25"
        ]
    },
    "summary": {
        "total_messages_produced": 0,
        "producer_avg_throughput": 0.0,
        "consumer_avg_throughput": 525.6223156840076,
        "consumer_avg_latency": 43209.890312900614,
        "consumer_p99_latency": 43217.396398258206,
        "consumer_cold_start_latency": 43202.07694268036,
        "remote_avg_cpu": 0.06400000000000002,
        "remote_avg_mem_mb": 9190.061548550924,
        "remote_servers": [
            {
                "ip": "35.209.251.221",
                "avg_cpu": 0.075,
                "avg_mem_mb": 9191.66,
                "samples_count": 0
            },
            {
                "ip": "35.239.56.104",
                "avg_cpu": 0.048,
                "avg_mem_mb": 9177.86,
                "samples_count": 0
            },
            {
                "ip": "35.208.205.25",
                "avg_cpu": 0.069,
                "avg_mem_mb": 9200.67,
                "samples_count": 0
            }
        ]
    }
}