{
    "parameters": {
        "mq_type": "rocketmq",
        "broker_address": "35.209.251.221:9876;35.239.56.104:9876;35.208.205.25:9876",
        "topic": "test-throughput_scaling_rocketmq",
        "num_producers": 10,
        "num_consumers": 5,
        "messages_per_producer": 5000,
        "log_interval": 100,
        "message_size": 100,
        "remote_ips": [
            "35.209.251.221",
            "35.239.56.104",
            "35.208.205.25"
        ]
    },
    "summary": {
        "total_messages_produced": 50000,
        "producer_avg_throughput": 2063.064399539292,
        "consumer_avg_throughput": 322.1797620913928,
        "consumer_avg_latency": 0.44543734536170965,
        "consumer_p99_latency": 1.8002105712890626,
        "consumer_cold_start_latency": 0.5556439752578735,
        "remote_avg_cpu": 0.18766666666666665,
        "remote_avg_mem_mb": 9201.913293838501,
        "remote_servers": [
            {
                "ip": "35.209.251.221",
                "avg_cpu": 0.053,
                "avg_mem_mb": 9209.2,
                "samples_count": 0
            },
            {
                "ip": "35.239.56.104",
                "avg_cpu": 0.465,
                "avg_mem_mb": 9198.78,
                "samples_count": 0
            },
            {
                "ip": "35.208.205.25",
                "avg_cpu": 0.045,
                "avg_mem_mb": 9197.76,
                "samples_count": 0
            }
        ]
    }
}