{
    "parameters": {
        "mq_type": "rocketmq",
        "broker_address": "35.209.251.221:9876;35.239.56.104:9876;35.208.205.25:9876",
        "topic": "test-throughput_scaling_rocketmq",
        "num_producers": 40,
        "num_consumers": 5,
        "messages_per_producer": 5000,
        "log_interval": 100,
        "message_size": 100,
        "remote_ips": [
            "35.209.251.221",
            "35.239.56.104",
            "35.208.205.25"
        ]
    },
    "summary": {
        "total_messages_produced": 200000,
        "producer_avg_throughput": 5103.900440122314,
        "consumer_avg_throughput": 343.42166299447524,
        "consumer_avg_latency": 33.758378720064925,
        "consumer_p99_latency": 73.01555457115174,
        "consumer_cold_start_latency": 0.6026026353836059,
        "remote_avg_cpu": 0.13033333333333333,
        "remote_avg_mem_mb": 9191.829429308573,
        "remote_servers": [
            {
                "ip": "35.209.251.221",
                "avg_cpu": 0.049,
                "avg_mem_mb": 9195.86,
                "samples_count": 0
            },
            {
                "ip": "35.239.56.104",
                "avg_cpu": 0.31,
                "avg_mem_mb": 9187.59,
                "samples_count": 0
            },
            {
                "ip": "35.208.205.25",
                "avg_cpu": 0.032,
                "avg_mem_mb": 9192.04,
                "samples_count": 0
            }
        ]
    }
}