{
    "parameters": {
        "mq_type": "rocketmq",
        "broker_address": "35.209.251.221:9876;35.239.56.104:9876;35.208.205.25:9876",
        "topic": "test-throughput_scaling_rocketmq",
        "num_producers": 10,
        "num_consumers": 5,
        "messages_per_producer": 5000,
        "log_interval": 1,
        "message_size": 100,
        "remote_ips": [
            "35.209.251.221",
            "35.239.56.104",
            "35.208.205.25"
        ]
    },
    "summary": {
        "total_messages_produced": 50000,
        "producer_avg_throughput": 4414.833033306438,
        "consumer_avg_throughput": 504.6654429156912,
        "consumer_avg_latency": 37256.201259943424,
        "consumer_p99_latency": 42275.06419377327,
        "consumer_cold_start_latency": 42255.71520678901,
        "remote_avg_cpu": 0.23266666666666666,
        "remote_avg_mem_mb": 9208.29231007894,
        "remote_servers": [
            {
                "ip": "35.209.251.221",
                "avg_cpu": 0.203,
                "avg_mem_mb": 9188.9,
                "samples_count": 0
            },
            {
                "ip": "35.239.56.104",
                "avg_cpu": 0.245,
                "avg_mem_mb": 9235.29,
                "samples_count": 0
            },
            {
                "ip": "35.208.205.25",
                "avg_cpu": 0.25,
                "avg_mem_mb": 9200.69,
                "samples_count": 0
            }
        ]
    }
}