{
    "parameters": {
        "mq_type": "rocketmq",
        "broker_address": "35.209.251.221:9876;35.239.56.104:9876;35.208.205.25:9876",
        "topic": "test-throughput_scaling_rocketmq",
        "num_producers": 10,
        "num_consumers": 5,
        "messages_per_producer": 5000,
        "log_interval": 100,
        "message_size": 100,
        "remote_ips": [
            "35.209.251.221",
            "35.239.56.104",
            "35.208.205.25"
        ]
    },
    "summary": {
        "total_messages_produced": 50000,
        "producer_avg_throughput": 1960.475728942864,
        "consumer_avg_throughput": 326.9719267971979,
        "consumer_avg_latency": 0.0545330391740799,
        "consumer_p99_latency": 0.23655428886413574,
        "consumer_cold_start_latency": 0.4431649980545044,
        "remote_avg_cpu": 0.2176666666666667,
        "remote_avg_mem_mb": 9180.01646677653,
        "remote_servers": [
            {
                "ip": "35.209.251.221",
                "avg_cpu": 0.047,
                "avg_mem_mb": 9182.41,
                "samples_count": 0
            },
            {
                "ip": "35.239.56.104",
                "avg_cpu": 0.567,
                "avg_mem_mb": 9186.24,
                "samples_count": 0
            },
            {
                "ip": "35.208.205.25",
                "avg_cpu": 0.039,
                "avg_mem_mb": 9171.4,
                "samples_count": 0
            }
        ]
    }
}