{
    "parameters": {
        "mq_type": "rocketmq",
        "broker_address": "35.209.251.221:9876;35.239.56.104:9876;35.208.205.25:9876",
        "topic": "test-throughput_scaling_rocketmq",
        "num_producers": 10,
        "num_consumers": 5,
        "messages_per_producer": 5000,
        "log_interval": 100,
        "message_size": 100,
        "remote_ips": [
            "35.209.251.221",
            "35.239.56.104",
            "35.208.205.25"
        ]
    },
    "summary": {
        "total_messages_produced": 50000,
        "producer_avg_throughput": 4419.593298755244,
        "consumer_avg_throughput": 368.6048540038322,
        "consumer_avg_latency": 7.858866316705457,
        "consumer_p99_latency": 15.864744329452515,
        "consumer_cold_start_latency": 0.08664404678344725,
        "remote_avg_cpu": 0.229,
        "remote_avg_mem_mb": 9198.799097061157,
        "remote_servers": [
            {
                "ip": "35.209.251.221",
                "avg_cpu": 0.196,
                "avg_mem_mb": 9197.54,
                "samples_count": 0
            },
            {
                "ip": "35.239.56.104",
                "avg_cpu": 0.229,
                "avg_mem_mb": 9221.51,
                "samples_count": 0
            },
            {
                "ip": "35.208.205.25",
                "avg_cpu": 0.262,
                "avg_mem_mb": 9177.34,
                "samples_count": 0
            }
        ]
    }
}