{
    "parameters": {
        "mq_type": "rocketmq",
        "broker_address": "35.209.251.221:9876;35.239.56.104:9876;35.208.205.25:9876",
        "topic": "test-throughput_scaling_rocketmq",
        "num_producers": 10,
        "num_consumers": 5,
        "messages_per_producer": 5000,
        "log_interval": 1,
        "message_size": 100,
        "remote_ips": [
            "35.209.251.221",
            "35.239.56.104",
            "35.208.205.25"
        ]
    },
    "summary": {
        "total_messages_produced": 0,
        "producer_avg_throughput": 0.0,
        "consumer_avg_throughput": 414.6467500003713,
        "consumer_avg_latency": 38509.54037919146,
        "consumer_p99_latency": 38512.42545409202,
        "consumer_cold_start_latency": 38507.51466717911,
        "remote_avg_cpu": 0.08433333333333333,
        "remote_avg_mem_mb": 9215.83776251475,
        "remote_servers": [
            {
                "ip": "35.209.251.221",
                "avg_cpu": 0.132,
                "avg_mem_mb": 9278.2,
                "samples_count": 0
            },
            {
                "ip": "35.239.56.104",
                "avg_cpu": 0.054,
                "avg_mem_mb": 9184.87,
                "samples_count": 0
            },
            {
                "ip": "35.208.205.25",
                "avg_cpu": 0.067,
                "avg_mem_mb": 9184.45,
                "samples_count": 0
            }
        ]
    }
}