{
    "parameters": {
        "mq_type": "rocketmq",
        "broker_address": "35.209.251.221:9876;35.239.56.104:9876;35.208.205.25:9876",
        "topic": "test-throughput_scaling_rocketmq",
        "num_producers": 10,
        "num_consumers": 5,
        "messages_per_producer": 5000,
        "log_interval": 100,
        "message_size": 100,
        "remote_ips": [
            "35.209.251.221",
            "35.239.56.104",
            "35.208.205.25"
        ]
    },
    "summary": {
        "total_messages_produced": 50000,
        "producer_avg_throughput": 4525.2787225077955,
        "consumer_avg_throughput": 288.8718610902968,
        "consumer_avg_latency": 9.155161931664512,
        "consumer_p99_latency": 18.49351010322571,
        "consumer_cold_start_latency": 0.10341909122467041,
        "remote_avg_cpu": 0.195,
        "remote_avg_mem_mb": 9197.614616711935,
        "remote_servers": [
            {
                "ip": "35.209.251.221",
                "avg_cpu": 0.169,
                "avg_mem_mb": 9190.08,
                "samples_count": 0
            },
            {
                "ip": "35.239.56.104",
                "avg_cpu": 0.19,
                "avg_mem_mb": 9202.73,
                "samples_count": 0
            },
            {
                "ip": "35.208.205.25",
                "avg_cpu": 0.226,
                "avg_mem_mb": 9200.04,
                "samples_count": 0
            }
        ]
    }
}