{
    "parameters": {
        "mq_type": "rocketmq",
        "broker_address": "35.209.251.221:9876;35.239.56.104:9876;35.208.205.25:9876",
        "topic": "test-throughput_scaling_rocketmq",
        "num_producers": 10,
        "num_consumers": 5,
        "messages_per_producer": 5000,
        "log_interval": 1,
        "message_size": 100,
        "remote_ips": [
            "35.209.251.221",
            "35.239.56.104",
            "35.208.205.25"
        ]
    },
    "summary": {
        "total_messages_produced": 50000,
        "producer_avg_throughput": 3879.443694427806,
        "consumer_avg_throughput": 491.86124621447925,
        "consumer_avg_latency": 29239.312563024352,
        "consumer_p99_latency": 32717.956958532333,
        "consumer_cold_start_latency": 32704.461965439794,
        "remote_avg_cpu": 0.2776666666666667,
        "remote_avg_mem_mb": 9188.542929967245,
        "remote_servers": [
            {
                "ip": "35.209.251.221",
                "avg_cpu": 0.227,
                "avg_mem_mb": 9180.21,
                "samples_count": 0
            },
            {
                "ip": "35.239.56.104",
                "avg_cpu": 0.288,
                "avg_mem_mb": 9194.05,
                "samples_count": 0
            },
            {
                "ip": "35.208.205.25",
                "avg_cpu": 0.318,
                "avg_mem_mb": 9191.37,
                "samples_count": 0
            }
        ]
    }
}