{
    "parameters": {
        "mq_type": "rocketmq",
        "broker_address": "35.209.251.221:9876;35.239.56.104:9876;35.208.205.25:9876",
        "topic": "test-throughput_scaling_rocketmq",
        "num_producers": 10,
        "num_consumers": 5,
        "messages_per_producer": 5000,
        "log_interval": 1,
        "message_size": 100,
        "remote_ips": [
            "35.209.251.221",
            "35.239.56.104",
            "35.208.205.25"
        ]
    },
    "summary": {
        "total_messages_produced": 50000,
        "producer_avg_throughput": 3735.153795253888,
        "consumer_avg_throughput": 382.9602069409752,
        "consumer_avg_latency": 3.282478554967762,
        "consumer_p99_latency": 7.6798182964324955,
        "consumer_cold_start_latency": 0.18545759963989256,
        "remote_avg_cpu": 0.36699999999999994,
        "remote_avg_mem_mb": 9191.542446772257,
        "remote_servers": [
            {
                "ip": "35.209.251.221",
                "avg_cpu": 0.261,
                "avg_mem_mb": 9241.44,
                "samples_count": 0
            },
            {
                "ip": "35.239.56.104",
                "avg_cpu": 0.311,
                "avg_mem_mb": 9211.89,
                "samples_count": 0
            },
            {
                "ip": "35.208.205.25",
                "avg_cpu": 0.529,
                "avg_mem_mb": 9121.29,
                "samples_count": 0
            }
        ]
    }
}