{
    "parameters": {
        "mq_type": "rocketmq",
        "broker_address": "35.209.251.221:9876;35.239.56.104:9876;35.208.205.25:9876",
        "topic": "test-throughput_scaling_rocketmq",
        "num_producers": 10,
        "num_consumers": 5,
        "messages_per_producer": 5000,
        "log_interval": 1,
        "message_size": 100,
        "remote_ips": [
            "35.209.251.221",
            "35.239.56.104",
            "35.208.205.25"
        ]
    },
    "summary": {
        "total_messages_produced": 0,
        "producer_avg_throughput": 0.0,
        "consumer_avg_throughput": 422.4481697066126,
        "consumer_avg_latency": 38196.13369694323,
        "consumer_p99_latency": 38198.72018704414,
        "consumer_cold_start_latency": 38194.15587447929,
        "remote_avg_cpu": 0.049666666666666665,
        "remote_avg_mem_mb": 9219.734131495157,
        "remote_servers": [
            {
                "ip": "35.209.251.221",
                "avg_cpu": 0.038,
                "avg_mem_mb": 9228.02,
                "samples_count": 0
            },
            {
                "ip": "35.239.56.104",
                "avg_cpu": 0.047,
                "avg_mem_mb": 9213.45,
                "samples_count": 0
            },
            {
                "ip": "35.208.205.25",
                "avg_cpu": 0.064,
                "avg_mem_mb": 9217.73,
                "samples_count": 0
            }
        ]
    }
}