{
    "parameters": {
        "mq_type": "rocketmq",
        "broker_address": "35.209.251.221:9876;35.239.56.104:9876;35.208.205.25:9876",
        "topic": "test-throughput_scaling_rocketmq",
        "num_producers": 10,
        "num_consumers": 5,
        "messages_per_producer": 5000,
        "log_interval": 1,
        "message_size": 100,
        "remote_ips": [
            "35.209.251.221",
            "35.239.56.104",
            "35.208.205.25"
        ]
    },
    "summary": {
        "total_messages_produced": 0,
        "producer_avg_throughput": 0.0,
        "consumer_avg_throughput": 444.4080820721012,
        "consumer_avg_latency": 33955.44839089699,
        "consumer_p99_latency": 33957.82856907845,
        "consumer_cold_start_latency": 33953.38242569828,
        "remote_avg_cpu": 0.052333333333333336,
        "remote_avg_mem_mb": 9207.387132644653,
        "remote_servers": [
            {
                "ip": "35.209.251.221",
                "avg_cpu": 0.047,
                "avg_mem_mb": 9236.51,
                "samples_count": 0
            },
            {
                "ip": "35.239.56.104",
                "avg_cpu": 0.04,
                "avg_mem_mb": 9194.08,
                "samples_count": 0
            },
            {
                "ip": "35.208.205.25",
                "avg_cpu": 0.07,
                "avg_mem_mb": 9191.58,
                "samples_count": 0
            }
        ]
    }
}