{
    "parameters": {
        "mq_type": "rocketmq",
        "broker_address": "35.209.251.221:9876;35.239.56.104:9876;35.208.205.25:9876",
        "topic": "test-throughput_scaling_rocketmq",
        "num_producers": 10,
        "num_consumers": 5,
        "messages_per_producer": 5000,
        "log_interval": 100,
        "message_size": 100,
        "remote_ips": [
            "35.209.251.221",
            "35.239.56.104",
            "35.208.205.25"
        ]
    },
    "summary": {
        "total_messages_produced": 50000,
        "producer_avg_throughput": 4332.6839461357295,
        "consumer_avg_throughput": 291.94077606481346,
        "consumer_avg_latency": 8.77245965272301,
        "consumer_p99_latency": 17.70848364830017,
        "consumer_cold_start_latency": 0.10653983306884766,
        "remote_avg_cpu": 0.20400000000000001,
        "remote_avg_mem_mb": 9208.201577822367,
        "remote_servers": [
            {
                "ip": "35.209.251.221",
                "avg_cpu": 0.18,
                "avg_mem_mb": 9226.88,
                "samples_count": 0
            },
            {
                "ip": "35.239.56.104",
                "avg_cpu": 0.204,
                "avg_mem_mb": 9216.52,
                "samples_count": 0
            },
            {
                "ip": "35.208.205.25",
                "avg_cpu": 0.228,
                "avg_mem_mb": 9181.2,
                "samples_count": 0
            }
        ]
    }
}