{
    "parameters": {
        "mq_type": "rocketmq",
        "broker_address": "35.209.251.221:9876;35.239.56.104:9876;35.208.205.25:9876",
        "topic": "test-throughput_scaling_rocketmq",
        "num_producers": 10,
        "num_consumers": 5,
        "messages_per_producer": 5000,
        "log_interval": 1,
        "message_size": 100,
        "remote_ips": [
            "35.209.251.221",
            "35.239.56.104",
            "35.208.205.25"
        ]
    },
    "summary": {
        "total_messages_produced": 0,
        "producer_avg_throughput": 0.0,
        "consumer_avg_throughput": 419.6372477100741,
        "consumer_avg_latency": 33847.041330295026,
        "consumer_p99_latency": 33849.60850849152,
        "consumer_cold_start_latency": 33844.98985193538,
        "remote_avg_cpu": 0.05733333333333333,
        "remote_avg_mem_mb": 9196.007305463156,
        "remote_servers": [
            {
                "ip": "35.209.251.221",
                "avg_cpu": 0.054,
                "avg_mem_mb": 9212.65,
                "samples_count": 0
            },
            {
                "ip": "35.239.56.104",
                "avg_cpu": 0.04,
                "avg_mem_mb": 9188.55,
                "samples_count": 0
            },
            {
                "ip": "35.208.205.25",
                "avg_cpu": 0.078,
                "avg_mem_mb": 9186.83,
                "samples_count": 0
            }
        ]
    }
}