{
    "parameters": {
        "mq_type": "rocketmq",
        "broker_address": "35.209.251.221:9876;35.239.56.104:9876;35.208.205.25:9876",
        "topic": "test-throughput_scaling_rocketmq",
        "num_producers": 10,
        "num_consumers": 5,
        "messages_per_producer": 5000,
        "log_interval": 100,
        "message_size": 100,
        "remote_ips": [
            "35.209.251.221",
            "35.239.56.104",
            "35.208.205.25"
        ]
    },
    "summary": {
        "total_messages_produced": 50000,
        "producer_avg_throughput": 4023.9360214066323,
        "consumer_avg_throughput": 332.53197287950246,
        "consumer_avg_latency": 8.966127787583373,
        "consumer_p99_latency": 17.71599440574646,
        "consumer_cold_start_latency": 0.17913354969024656,
        "remote_avg_cpu": 0.2176666666666667,
        "remote_avg_mem_mb": 9189.71133963267,
        "remote_servers": [
            {
                "ip": "35.209.251.221",
                "avg_cpu": 0.198,
                "avg_mem_mb": 9199.77,
                "samples_count": 0
            },
            {
                "ip": "35.239.56.104",
                "avg_cpu": 0.209,
                "avg_mem_mb": 9183.67,
                "samples_count": 0
            },
            {
                "ip": "35.208.205.25",
                "avg_cpu": 0.246,
                "avg_mem_mb": 9185.69,
                "samples_count": 0
            }
        ]
    }
}