{
    "parameters": {
        "mq_type": "rocketmq",
        "broker_address": "35.209.251.221:9876;35.239.56.104:9876;35.208.205.25:9876",
        "topic": "test-throughput_scaling_rocketmq",
        "num_producers": 40,
        "num_consumers": 5,
        "messages_per_producer": 5000,
        "log_interval": 500,
        "message_size": 100,
        "remote_ips": [
            "35.209.251.221",
            "35.239.56.104",
            "35.208.205.25"
        ]
    },
    "summary": {
        "total_messages_produced": 200000,
        "producer_avg_throughput": 10806.241654287345,
        "consumer_avg_throughput": 347.61139378056134,
        "consumer_avg_latency": 47.48401643762604,
        "consumer_p99_latency": 96.03213706016541,
        "consumer_cold_start_latency": 0.18265839862823485,
        "remote_avg_cpu": 0.16866666666666666,
        "remote_avg_mem_mb": 9216.84643236796,
        "remote_servers": [
            {
                "ip": "35.209.251.221",
                "avg_cpu": 0.162,
                "avg_mem_mb": 9221.28,
                "samples_count": 0
            },
            {
                "ip": "35.239.56.104",
                "avg_cpu": 0.159,
                "avg_mem_mb": 9203.08,
                "samples_count": 0
            },
            {
                "ip": "35.208.205.25",
                "avg_cpu": 0.185,
                "avg_mem_mb": 9226.19,
                "samples_count": 0
            }
        ]
    }
}