{
    "parameters": {
        "mq_type": "rocketmq",
        "broker_address": "35.209.251.221:9876;35.239.56.104:9876;35.208.205.25:9876",
        "topic": "test-throughput_scaling_rocketmq",
        "num_producers": 10,
        "num_consumers": 5,
        "messages_per_producer": 5000,
        "log_interval": 1,
        "message_size": 100,
        "remote_ips": [
            "35.209.251.221",
            "35.239.56.104",
            "35.208.205.25"
        ]
    },
    "summary": {
        "total_messages_produced": 0,
        "producer_avg_throughput": 0.0,
        "consumer_avg_throughput": 422.1315101532505,
        "consumer_avg_latency": 38134.706928912725,
        "consumer_p99_latency": 38137.26875343323,
        "consumer_cold_start_latency": 38132.67650743008,
        "remote_avg_cpu": 0.14033333333333334,
        "remote_avg_mem_mb": 8297.576882680258,
        "remote_servers": [
            {
                "ip": "35.209.251.221",
                "avg_cpu": 0.206,
                "avg_mem_mb": 8159.91,
                "samples_count": 0
            },
            {
                "ip": "35.239.56.104",
                "avg_cpu": 0.149,
                "avg_mem_mb": 7542.27,
                "samples_count": 0
            },
            {
                "ip": "35.208.205.25",
                "avg_cpu": 0.066,
                "avg_mem_mb": 9190.55,
                "samples_count": 0
            }
        ]
    }
}