{
    "parameters": {
        "mq_type": "rocketmq",
        "broker_address": "35.209.251.221:9876;35.239.56.104:9876;35.208.205.25:9876",
        "topic": "test-throughput_scaling_rocketmq",
        "num_producers": 10,
        "num_consumers": 5,
        "messages_per_producer": 5000,
        "log_interval": 100,
        "message_size": 100,
        "remote_ips": [
            "35.209.251.221",
            "35.239.56.104",
            "35.208.205.25"
        ]
    },
    "summary": {
        "total_messages_produced": 50000,
        "producer_avg_throughput": 4193.940133753996,
        "consumer_avg_throughput": 291.96458056892504,
        "consumer_avg_latency": 8.441051768586195,
        "consumer_p99_latency": 17.382088565826415,
        "consumer_cold_start_latency": 0.10905793762207032,
        "remote_avg_cpu": 0.20966666666666664,
        "remote_avg_mem_mb": 9213.2196671168,
        "remote_servers": [
            {
                "ip": "35.209.251.221",
                "avg_cpu": 0.176,
                "avg_mem_mb": 9206.81,
                "samples_count": 0
            },
            {
                "ip": "35.239.56.104",
                "avg_cpu": 0.189,
                "avg_mem_mb": 9239.03,
                "samples_count": 0
            },
            {
                "ip": "35.208.205.25",
                "avg_cpu": 0.264,
                "avg_mem_mb": 9193.81,
                "samples_count": 0
            }
        ]
    }
}