{
    "parameters": {
        "mq_type": "rocketmq",
        "broker_address": "35.209.251.221:9876;35.239.56.104:9876;35.208.205.25:9876",
        "topic": "test-throughput_scaling_rocketmq",
        "num_producers": 10,
        "num_consumers": 5,
        "messages_per_producer": 5000,
        "log_interval": 100,
        "message_size": 100,
        "remote_ips": [
            "35.209.251.221",
            "35.239.56.104",
            "35.208.205.25"
        ]
    },
    "summary": {
        "total_messages_produced": 50000,
        "producer_avg_throughput": 2232.879334310753,
        "consumer_avg_throughput": 346.05078271931774,
        "consumer_avg_latency": 0.706717750005722,
        "consumer_p99_latency": 1.6415185928344727,
        "consumer_cold_start_latency": 0.46188114356994625,
        "remote_avg_cpu": 0.20099999999999998,
        "remote_avg_mem_mb": 9197.951414108276,
        "remote_servers": [
            {
                "ip": "35.209.251.221",
                "avg_cpu": 0.054,
                "avg_mem_mb": 9184.42,
                "samples_count": 0
            },
            {
                "ip": "35.239.56.104",
                "avg_cpu": 0.503,
                "avg_mem_mb": 9218.06,
                "samples_count": 0
            },
            {
                "ip": "35.208.205.25",
                "avg_cpu": 0.046,
                "avg_mem_mb": 9191.37,
                "samples_count": 0
            }
        ]
    }
}