{
    "parameters": {
        "mq_type": "rocketmq",
        "broker_address": "35.209.251.221:9876;35.239.56.104:9876;35.208.205.25:9876",
        "topic": "test-throughput_scaling_rocketmq",
        "num_producers": 40,
        "num_consumers": 6,
        "messages_per_producer": 10000,
        "log_interval": 500,
        "message_size": 100,
        "remote_ips": [
            "35.209.251.221",
            "35.239.56.104",
            "35.208.205.25"
        ]
    },
    "summary": {
        "total_messages_produced": 400000,
        "producer_avg_throughput": 13194.721930654981,
        "consumer_avg_throughput": 307.17162747349465,
        "consumer_avg_latency": 93.26806449748501,
        "consumer_p99_latency": 185.39113426208496,
        "consumer_cold_start_latency": 0.20100691318511965,
        "remote_avg_cpu": 0.14533333333333334,
        "remote_avg_mem_mb": 9217.7848183314,
        "remote_servers": [
            {
                "ip": "35.209.251.221",
                "avg_cpu": 0.126,
                "avg_mem_mb": 9232.93,
                "samples_count": 0
            },
            {
                "ip": "35.239.56.104",
                "avg_cpu": 0.154,
                "avg_mem_mb": 9208.96,
                "samples_count": 0
            },
            {
                "ip": "35.208.205.25",
                "avg_cpu": 0.156,
                "avg_mem_mb": 9211.47,
                "samples_count": 0
            }
        ]
    }
}