{
    "parameters": {
        "mq_type": "rocketmq",
        "broker_address": "35.209.251.221:9876;35.239.56.104:9876;35.208.205.25:9876",
        "topic": "test-throughput_scaling_rocketmq",
        "num_producers": 40,
        "num_consumers": 6,
        "messages_per_producer": 5000,
        "log_interval": 500,
        "message_size": 100,
        "remote_ips": [
            "35.209.251.221",
            "35.239.56.104",
            "35.208.205.25"
        ]
    },
    "summary": {
        "total_messages_produced": 200000,
        "producer_avg_throughput": 10364.09792725158,
        "consumer_avg_throughput": 301.81522829506645,
        "consumer_avg_latency": 45.23075133145772,
        "consumer_p99_latency": 90.8419578075409,
        "consumer_cold_start_latency": 0.1723656407992045,
        "remote_avg_cpu": 0.1796666666666667,
        "remote_avg_mem_mb": 9214.098995844523,
        "remote_servers": [
            {
                "ip": "35.209.251.221",
                "avg_cpu": 0.161,
                "avg_mem_mb": 9201.49,
                "samples_count": 0
            },
            {
                "ip": "35.239.56.104",
                "avg_cpu": 0.185,
                "avg_mem_mb": 9232.28,
                "samples_count": 0
            },
            {
                "ip": "35.208.205.25",
                "avg_cpu": 0.193,
                "avg_mem_mb": 9208.52,
                "samples_count": 0
            }
        ]
    }
}