{
    "parameters": {
        "mq_type": "rocketmq",
        "broker_address": "35.209.251.221:9876;35.239.56.104:9876;35.208.205.25:9876",
        "topic": "test-throughput_scaling_rocketmq",
        "num_producers": 40,
        "num_consumers": 1,
        "messages_per_producer": 50000,
        "log_interval": 100,
        "message_size": 100,
        "remote_ips": [
            "35.209.251.221",
            "35.239.56.104",
            "35.208.205.25"
        ]
    },
    "summary": {
        "total_messages_produced": 2000000,
        "producer_avg_throughput": 18374.23896041868,
        "consumer_avg_throughput": 1005.5252568863997,
        "consumer_avg_latency": 913.6192821574872,
        "consumer_p99_latency": 1829.740460395813,
        "consumer_cold_start_latency": 1.1003397464752198,
        "remote_avg_cpu": 0.07133333333333333,
        "remote_avg_mem_mb": 9249.09104347229,
        "remote_servers": [
            {
                "ip": "35.209.251.221",
                "avg_cpu": 0.063,
                "avg_mem_mb": 9251.8,
                "samples_count": 0
            },
            {
                "ip": "35.239.56.104",
                "avg_cpu": 0.074,
                "avg_mem_mb": 9267.32,
                "samples_count": 0
            },
            {
                "ip": "35.208.205.25",
                "avg_cpu": 0.077,
                "avg_mem_mb": 9228.16,
                "samples_count": 0
            }
        ]
    }
}