{
    "parameters": {
        "mq_type": "kafka",
        "broker_address": "35.209.251.221",
        "topic": "test-throughput_scaling",
        "num_producers": 40,
        "num_consumers": 10,
        "messages_per_producer": 1000000,
        "log_interval": 100,
        "message_size": 100,
        "remote_ips": [
            "35.209.251.221",
            "35.239.56.104",
            "35.208.205.25"
        ]
    },
    "summary": {
        "total_messages_produced": 40000000,
        "producer_avg_throughput": 1487061.7674889157,
        "consumer_avg_throughput": 76498.03345318687,
        "consumer_avg_latency": 19.427778757793067,
        "consumer_p99_latency": 24.636012411117555,
        "consumer_cold_start_latency": 2.1704005455970763,
        "remote_servers": [
            {
                "ip": "35.209.251.221",
                "avg_cpu": 0.1547,
                "avg_mem_mb": 1256.15,
                "samples_count": 60
            },
            {
                "ip": "35.239.56.104",
                "avg_cpu": 0.2237,
                "avg_mem_mb": 1346.8,
                "samples_count": 60
            },
            {
                "ip": "35.208.205.25",
                "avg_cpu": 0.1797,
                "avg_mem_mb": 1321.97,
                "samples_count": 61
            }
        ],
        "remote_avg_cpu": 0.186,
        "remote_avg_mem_mb": 1308.3
    }
}