{
    "parameters": {
        "mq_type": "kafka",
        "broker_address": "35.209.251.221",
        "topic": "test-throughput_scaling",
        "num_producers": 40,
        "num_consumers": 10,
        "messages_per_producer": 50000,
        "log_interval": 100,
        "message_size": 100,
        "remote_ips": [
            "35.209.251.221",
            "35.239.56.104",
            "35.208.205.25"
        ]
    },
    "summary": {
        "total_messages_produced": 2000000,
        "producer_avg_throughput": 1924319.7066290395,
        "consumer_avg_throughput": 37800.39761112763,
        "consumer_avg_latency": 2.4315821251977683,
        "consumer_p99_latency": 3.277320313453674,
        "consumer_cold_start_latency": 2.1438841567039493,
        "remote_servers": [
            {
                "ip": "35.209.251.221",
                "avg_cpu": 0.0558,
                "avg_mem_mb": 1367.96,
                "samples_count": 18
            },
            {
                "ip": "35.239.56.104",
                "avg_cpu": 0.0484,
                "avg_mem_mb": 1385.43,
                "samples_count": 19
            },
            {
                "ip": "35.208.205.25",
                "avg_cpu": 0.0832,
                "avg_mem_mb": 1314.76,
                "samples_count": 20
            }
        ],
        "remote_avg_cpu": 0.0625,
        "remote_avg_mem_mb": 1356.05
    }
}