{
    "parameters": {
        "mq_type": "kafka",
        "broker_address": "35.209.251.221",
        "topic": "test-throughput_scaling",
        "num_producers": 40,
        "num_consumers": 10,
        "messages_per_producer": 1000000,
        "log_interval": 100,
        "message_size": 100,
        "remote_ips": [
            "35.209.251.221",
            "35.239.56.104",
            "35.208.205.25"
        ]
    },
    "summary": {
        "total_messages_produced": 40000000,
        "producer_avg_throughput": 1775867.8303064492,
        "consumer_avg_throughput": 85681.41996512565,
        "consumer_avg_latency": 17.630907996606144,
        "consumer_p99_latency": 24.479571723937987,
        "consumer_cold_start_latency": 2.1565691137313845,
        "remote_servers": [
            {
                "ip": "35.209.251.221",
                "avg_cpu": 0.1832,
                "avg_mem_mb": 1352.05,
                "samples_count": 51
            },
            {
                "ip": "35.239.56.104",
                "avg_cpu": 0.1782,
                "avg_mem_mb": 1368.38,
                "samples_count": 52
            },
            {
                "ip": "35.208.205.25",
                "avg_cpu": 0.201,
                "avg_mem_mb": 1304.21,
                "samples_count": 53
            }
        ],
        "remote_avg_cpu": 0.1874,
        "remote_avg_mem_mb": 1341.55
    }
}