{
    "parameters": {
        "mq_type": "kafka",
        "broker_address": "35.209.251.221",
        "topic": "test-throughput_scaling",
        "num_producers": 40,
        "num_consumers": 10,
        "messages_per_producer": 5000000,
        "log_interval": 100,
        "message_size": 100,
        "remote_ips": [
            "35.209.251.221",
            "35.239.56.104",
            "35.208.205.25"
        ]
    },
    "summary": {
        "total_messages_produced": 200000000,
        "producer_avg_throughput": 1697622.9801923714,
        "consumer_avg_throughput": 83041.39590107571,
        "consumer_avg_latency": 86.13772685333082,
        "consumer_p99_latency": 120.61405251026153,
        "consumer_cold_start_latency": 2.1478969550132754,
        "remote_servers": [
            {
                "ip": "35.209.251.221",
                "avg_cpu": 0.2224,
                "avg_mem_mb": 1376.29,
                "samples_count": 250
            },
            {
                "ip": "35.239.56.104",
                "avg_cpu": 0.174,
                "avg_mem_mb": 1394.38,
                "samples_count": 251
            },
            {
                "ip": "35.208.205.25",
                "avg_cpu": 0.1553,
                "avg_mem_mb": 1323.98,
                "samples_count": 252
            }
        ],
        "remote_avg_cpu": 0.1839,
        "remote_avg_mem_mb": 1364.88
    }
}