{
    "parameters": {
        "mq_type": "kafka",
        "broker_address": "35.209.251.221",
        "topic": "test-throughput_scaling",
        "num_producers": 40,
        "num_consumers": 12,
        "messages_per_producer": 10000,
        "log_interval": 100,
        "message_size": 100,
        "remote_ips": [
            "35.209.251.221",
            "35.239.56.104",
            "35.208.205.25"
        ]
    },
    "summary": {
        "total_messages_produced": 400000,
        "producer_avg_throughput": 148337.11959317408,
        "consumer_avg_throughput": 5006.510326501156,
        "consumer_avg_latency": 4.279943392363644,
        "consumer_p99_latency": 4.329661210378011,
        "consumer_cold_start_latency": 4.246117675701776,
        "remote_servers": [
            {
                "ip": "35.209.251.221",
                "avg_cpu": 0.084,
                "avg_mem_mb": 639.85,
                "samples_count": 0
            },
            {
                "ip": "35.239.56.104",
                "avg_cpu": 0.119,
                "avg_mem_mb": 624.94,
                "samples_count": 0
            },
            {
                "ip": "35.208.205.25",
                "avg_cpu": 0.03,
                "avg_mem_mb": 602.08,
                "samples_count": 0
            }
        ],
        "remote_avg_cpu": 0.0777,
        "remote_avg_mem_mb": 622.29,
        "merged_t2latencies": {
            "1742059306.6971154": [
                8.265480559721684,
                339619
            ],
            "1742059306.797116": [
                6.120731454504117,
                59976
            ],
            "1742059309.5212705": [
                7.020597326663113,
                129
            ],
            "1742059309.7346177": [
                7.243841070877878,
                19
            ],
            "1742059312.5474653": [
                10.059035301208496,
                3
            ],
            "1742059312.7574492": [
                10.250041066475635,
                53
            ],
            "1742059315.7773418": [
                13.277279248363092,
                152
            ],
            "1742059318.5839536": [
                16.07986936569214,
                10
            ],
            "1742059321.8157887": [
                19.311307464327133,
                35
            ]
        }
    }
}