{
    "parameters": {
        "mq_type": "kafka",
        "broker_address": "35.209.251.221",
        "topic": "test-throughput_scaling",
        "num_producers": 40,
        "num_consumers": 15,
        "messages_per_producer": 10000,
        "log_interval": 100,
        "message_size": 100,
        "remote_ips": [
            "35.209.251.221",
            "35.239.56.104",
            "35.208.205.25"
        ]
    },
    "summary": {
        "total_messages_produced": 400000,
        "producer_avg_throughput": 161851.7055372984,
        "consumer_avg_throughput": 4604.607086669652,
        "consumer_avg_latency": 4.328132390516985,
        "consumer_p99_latency": 4.3597746849060055,
        "consumer_cold_start_latency": 4.292538926124573,
        "remote_servers": [
            {
                "ip": "35.209.251.221",
                "avg_cpu": 0.103,
                "avg_mem_mb": 642.78,
                "samples_count": 0
            },
            {
                "ip": "35.239.56.104",
                "avg_cpu": 0.109,
                "avg_mem_mb": 632.33,
                "samples_count": 0
            },
            {
                "ip": "35.208.205.25",
                "avg_cpu": 0.024,
                "avg_mem_mb": 593.14,
                "samples_count": 0
            }
        ],
        "remote_avg_cpu": 0.0787,
        "remote_avg_mem_mb": 622.75,
        "merged_t2latencies": {
            "1742059813.0953104": [
                8.960328324350948,
                377978
            ],
            "1742059813.195311": [
                5.71487550688598,
                21057
            ],
            "1742059815.9256299": [
                7.0831496008088655,
                428
            ],
            "1742059816.1315122": [
                7.301700641427721,
                140
            ],
            "1742059818.9551814": [
                10.106641702249016,
                142
            ],
            "1742059819.1827607": [
                10.350798097889076,
                89
            ],
            "1742059821.9675386": [
                13.12624813860113,
                110
            ],
            "1742059822.2051654": [
                13.332396680658514,
                11
            ],
            "1742059824.999557": [
                16.1481351171221,
                35
            ]
        }
    }
}