{
    "parameters": {
        "mq_type": "kafka",
        "broker_address": "35.209.251.221",
        "topic": "test-throughput_scaling",
        "num_producers": 40,
        "num_consumers": 17,
        "messages_per_producer": 10000,
        "log_interval": 100,
        "message_size": 100,
        "remote_ips": [
            "35.209.251.221",
            "35.239.56.104",
            "35.208.205.25"
        ]
    },
    "summary": {
        "total_messages_produced": 400000,
        "producer_avg_throughput": 146211.79757234198,
        "consumer_avg_throughput": 3643.2500548538137,
        "consumer_avg_latency": 4.305977421630779,
        "consumer_p99_latency": 4.334291878868552,
        "consumer_cold_start_latency": 4.283722484813017,
        "remote_servers": [
            {
                "ip": "35.209.251.221",
                "avg_cpu": 0.098,
                "avg_mem_mb": 642.24,
                "samples_count": 0
            },
            {
                "ip": "35.239.56.104",
                "avg_cpu": 0.123,
                "avg_mem_mb": 621.9,
                "samples_count": 0
            },
            {
                "ip": "35.208.205.25",
                "avg_cpu": 0.021,
                "avg_mem_mb": 597.63,
                "samples_count": 0
            }
        ],
        "remote_avg_cpu": 0.0807,
        "remote_avg_mem_mb": 620.59,
        "merged_t2latencies": {
            "1742060145.4071732": [
                9.923421642203557,
                388976
            ],
            "1742060145.5071769": [
                5.401375819543625,
                10009
            ],
            "1742060148.2246797": [
                7.09311002029313,
                360
            ],
            "1742060148.4427376": [
                7.26482970237732,
                75
            ],
            "1742060151.2464523": [
                10.071538900842471,
                98
            ],
            "1742060151.4604242": [
                10.297900159250606,
                88
            ],
            "1742060154.260282": [
                13.075131244592738,
                143
            ],
            "1742060157.2825398": [
                16.098598103089767,
                55
            ],
            "1742060157.5203328": [
                16.334392137911134,
                174
            ],
            "1742060160.3044858": [
                19.123038689295452,
                15
            ]
        }
    }
}