{
    "parameters": {
        "mq_type": "kafka",
        "broker_address": "35.209.251.221",
        "topic": "test-throughput_scaling",
        "num_producers": 40,
        "num_consumers": 18,
        "messages_per_producer": 10000,
        "log_interval": 100,
        "message_size": 100,
        "remote_ips": [
            "35.209.251.221",
            "35.239.56.104",
            "35.208.205.25"
        ]
    },
    "summary": {
        "total_messages_produced": 400000,
        "producer_avg_throughput": 152229.24919835007,
        "consumer_avg_throughput": 3957.238567653538,
        "consumer_avg_latency": 4.2793572551727355,
        "consumer_p99_latency": 4.316609356138441,
        "consumer_cold_start_latency": 4.256874891387092,
        "remote_servers": [
            {
                "ip": "35.209.251.221",
                "avg_cpu": 0.087,
                "avg_mem_mb": 632.83,
                "samples_count": 0
            },
            {
                "ip": "35.239.56.104",
                "avg_cpu": 0.12,
                "avg_mem_mb": 623.99,
                "samples_count": 0
            },
            {
                "ip": "35.208.205.25",
                "avg_cpu": 0.023,
                "avg_mem_mb": 624.83,
                "samples_count": 0
            }
        ],
        "remote_avg_cpu": 0.0767,
        "remote_avg_mem_mb": 627.22,
        "merged_t2latencies": {
            "1742060314.6477644": [
                9.492614300430926,
                396012
            ],
            "1742060314.747765": [
                4.900852256712542,
                3151
            ],
            "1742060317.4875417": [
                7.063981526709617,
                188
            ],
            "1742060317.6773927": [
                7.24450751883643,
                280
            ],
            "1742060320.5072155": [
                10.082085042288806,
                198
            ],
            "1742060320.722854": [
                10.291454619831509,
                18
            ],
            "1742060323.5355358": [
                13.096697583794594,
                32
            ],
            "1742060323.7454243": [
                13.293304898272986,
                87
            ],
            "1742060326.7583632": [
                16.302378209431975,
                30
            ]
        }
    }
}