{
    "parameters": {
        "mq_type": "kafka",
        "broker_address": "35.209.251.221",
        "topic": "test-throughput_scaling",
        "num_producers": 40,
        "num_consumers": 19,
        "messages_per_producer": 10000,
        "log_interval": 100,
        "message_size": 100,
        "remote_ips": [
            "35.209.251.221",
            "35.239.56.104",
            "35.208.205.25"
        ]
    },
    "summary": {
        "total_messages_produced": 400000,
        "producer_avg_throughput": 167168.68106136846,
        "consumer_avg_throughput": 4934.2523754005515,
        "consumer_avg_latency": 2.705269813244931,
        "consumer_p99_latency": 3.0140977031306218,
        "consumer_cold_start_latency": 2.6695134225644566,
        "remote_servers": [
            {
                "ip": "35.209.251.221",
                "avg_cpu": 0.1,
                "avg_mem_mb": 642.75,
                "samples_count": 0
            },
            {
                "ip": "35.239.56.104",
                "avg_cpu": 0.11,
                "avg_mem_mb": 621.27,
                "samples_count": 0
            },
            {
                "ip": "35.208.205.25",
                "avg_cpu": 0.038,
                "avg_mem_mb": 597.86,
                "samples_count": 0
            }
        ],
        "remote_avg_cpu": 0.0827,
        "remote_avg_mem_mb": 620.62,
        "merged_t2latencies": {
            "1742060484.2039375": [
                6.213772725316597,
                395941
            ],
            "1742060484.3039382": [
                2.9975441545768455,
                2577
            ],
            "1742060487.0239933": [
                5.588068645820019,
                640
            ],
            "1742060487.2402153": [
                5.666576521213238,
                65
            ],
            "1742060490.0486307": [
                8.48585939297478,
                217
            ],
            "1742060490.2584622": [
                8.674540162886549,
                149
            ],
            "1742060493.0694308": [
                11.464983812967931,
                165
            ],
            "1742060493.279311": [
                11.718830915207558,
                47
            ],
            "1742060496.0834153": [
                14.502379417419434,
                187
            ]
        }
    }
}