{
    "parameters": {
        "mq_type": "kafka",
        "broker_address": "35.209.251.221",
        "topic": "test-throughput_scaling",
        "num_producers": 40,
        "num_consumers": 1,
        "messages_per_producer": 10000,
        "log_interval": 100,
        "message_size": 100,
        "remote_ips": [
            "35.209.251.221",
            "35.239.56.104",
            "35.208.205.25"
        ]
    },
    "summary": {
        "total_messages_produced": 400000,
        "producer_avg_throughput": 127853.19590771399,
        "consumer_avg_throughput": 124863.10410875223,
        "consumer_avg_latency": 2.2966500175386666,
        "consumer_p99_latency": 3.0855417251586914,
        "consumer_cold_start_latency": 1.5953037071228027,
        "remote_servers": [
            {
                "ip": "35.209.251.221",
                "avg_cpu": 0.056,
                "avg_mem_mb": 612.58,
                "samples_count": 0
            },
            {
                "ip": "35.239.56.104",
                "avg_cpu": 0.149,
                "avg_mem_mb": 625.31,
                "samples_count": 0
            },
            {
                "ip": "35.208.205.25",
                "avg_cpu": 0.037,
                "avg_mem_mb": 599.31,
                "samples_count": 0
            }
        ],
        "remote_avg_cpu": 0.0807,
        "remote_avg_mem_mb": 612.4,
        "merged_t2latencies": {
            "1742023583.7407753": [
                1.6218919703154466,
                35664
            ],
            "1742023583.8407762": [
                1.725396133677434,
                26619
            ],
            "1742023583.9407785": [
                1.8195512040670088,
                32690
            ],
            "1742023584.0407796": [
                1.9155856658567776,
                35339
            ],
            "1742023584.140782": [
                2.0077926373163866,
                27227
            ],
            "1742023584.244064": [
                2.107721395571821,
                20572
            ],
            "1742023584.344065": [
                2.2113184679900955,
                19390
            ],
            "1742023584.4477966": [
                2.308215519256176,
                18938
            ],
            "1742023584.5495985": [
                2.411467387336276,
                21635
            ],
            "1742023584.6496005": [
                2.5184432097571534,
                25013
            ],
            "1742023584.7534602": [
                2.613509242041701,
                26809
            ],
            "1742023584.8534608": [
                2.7158381252862744,
                21796
            ],
            "1742023584.9534614": [
                2.8159505672462415,
                30118
            ],
            "1742023585.053462": [
                2.91384939005176,
                20869
            ],
            "1742023585.153465": [
                3.010151408716585,
                26331
            ],
            "1742023585.2534695": [
                3.0745899259013627,
                10990
            ]
        }
    }
}