{
    "parameters": {
        "mq_type": "kafka",
        "broker_address": "35.209.251.221",
        "topic": "test-throughput_scaling",
        "num_producers": 40,
        "num_consumers": 20,
        "messages_per_producer": 5000,
        "log_interval": 100,
        "message_size": 100,
        "remote_ips": [
            "35.209.251.221",
            "35.239.56.104",
            "35.208.205.25"
        ]
    },
    "summary": {
        "total_messages_produced": 200000,
        "producer_avg_throughput": 106484.57786520243,
        "consumer_avg_throughput": 2392.943572889996,
        "consumer_avg_latency": 2.7584133135044575,
        "consumer_p99_latency": 2.9083901166915895,
        "consumer_cold_start_latency": 2.734922155857086,
        "remote_servers": [
            {
                "ip": "35.209.251.221",
                "avg_cpu": 0.074,
                "avg_mem_mb": 634.84,
                "samples_count": 0
            },
            {
                "ip": "35.239.56.104",
                "avg_cpu": 0.104,
                "avg_mem_mb": 641.65,
                "samples_count": 0
            },
            {
                "ip": "35.208.205.25",
                "avg_cpu": 0.073,
                "avg_mem_mb": 612.08,
                "samples_count": 0
            }
        ],
        "remote_avg_cpu": 0.0837,
        "remote_avg_mem_mb": 629.52,
        "merged_t2latencies": {
            "1742060566.711994": [
                6.218571889175832,
                199382
            ],
            "1742060569.5358455": [
                5.527789168887666,
                198
            ],
            "1742060569.7506416": [
                5.748199631186092,
                51
            ],
            "1742060572.5620322": [
                8.565044718067147,
                137
            ],
            "1742060572.7747025": [
                8.768546471830275,
                61
            ],
            "1742060575.586697": [
                11.58867187397455,
                93
            ],
            "1742060575.817476": [
                11.807163306644986,
                42
            ],
            "1742060578.6060977": [
                14.603392243385315,
                2
            ],
            "1742060578.8408792": [
                14.829312387634726,
                34
            ]
        }
    }
}