{
    "parameters": {
        "mq_type": "kafka",
        "broker_address": "35.209.251.221",
        "topic": "test-throughput_scaling",
        "num_producers": 40,
        "num_consumers": 20,
        "messages_per_producer": 5000000,
        "log_interval": 100,
        "message_size": 100,
        "remote_ips": [
            "35.209.251.221",
            "35.239.56.104",
            "35.208.205.25"
        ]
    },
    "summary": {
        "total_messages_produced": 200000000,
        "producer_avg_throughput": 1422568.7234806104,
        "consumer_avg_throughput": 54394.86944768981,
        "consumer_avg_latency": 41.40372355351907,
        "consumer_p99_latency": 62.42047679424286,
        "consumer_cold_start_latency": 2.1768967852592467,
        "remote_servers": [
            {
                "ip": "35.209.251.221",
                "avg_cpu": 0.2911,
                "avg_mem_mb": 1382.48,
                "samples_count": 199
            },
            {
                "ip": "35.239.56.104",
                "avg_cpu": 0.3312,
                "avg_mem_mb": 1401.54,
                "samples_count": 199
            },
            {
                "ip": "35.208.205.25",
                "avg_cpu": 0.3172,
                "avg_mem_mb": 1342.1,
                "samples_count": 200
            }
        ],
        "remote_avg_cpu": 0.3132,
        "remote_avg_mem_mb": 1375.37
    }
}