{
    "parameters": {
        "mq_type": "kafka",
        "broker_address": "35.209.251.221",
        "topic": "test-throughput_scaling",
        "num_producers": 40,
        "num_consumers": 20,
        "messages_per_producer": 1000000,
        "log_interval": 100,
        "message_size": 100,
        "remote_ips": [
            "35.209.251.221",
            "35.239.56.104",
            "35.208.205.25"
        ]
    },
    "summary": {
        "total_messages_produced": 40000000,
        "producer_avg_throughput": 1282290.2526475184,
        "consumer_avg_throughput": 45265.609081097595,
        "consumer_avg_latency": 11.504250618042642,
        "consumer_p99_latency": 15.88719892501831,
        "consumer_cold_start_latency": 2.154769774913788,
        "remote_servers": [
            {
                "ip": "35.209.251.221",
                "avg_cpu": 0.1975,
                "avg_mem_mb": 1275.5,
                "samples_count": 60
            },
            {
                "ip": "35.239.56.104",
                "avg_cpu": 0.2328,
                "avg_mem_mb": 1275.97,
                "samples_count": 60
            },
            {
                "ip": "35.208.205.25",
                "avg_cpu": 0.22,
                "avg_mem_mb": 1250.87,
                "samples_count": 61
            }
        ],
        "remote_avg_cpu": 0.2168,
        "remote_avg_mem_mb": 1267.45
    }
}