{
    "parameters": {
        "mq_type": "kafka",
        "broker_address": "35.209.251.221",
        "topic": "test-throughput_scaling",
        "num_producers": 40,
        "num_consumers": 20,
        "messages_per_producer": 50000,
        "log_interval": 100,
        "message_size": 100,
        "remote_ips": [
            "35.209.251.221",
            "35.239.56.104",
            "35.208.205.25"
        ]
    },
    "summary": {
        "total_messages_produced": 2000000,
        "producer_avg_throughput": 1888359.4051963938,
        "consumer_avg_throughput": 25387.661711416175,
        "consumer_avg_latency": 2.086434032300591,
        "consumer_p99_latency": 2.604464054107666,
        "consumer_cold_start_latency": 2.1737960085868835,
        "remote_servers": [
            {
                "ip": "35.209.251.221",
                "avg_cpu": 0.0597,
                "avg_mem_mb": 1357.57,
                "samples_count": 15
            },
            {
                "ip": "35.239.56.104",
                "avg_cpu": 0.0616,
                "avg_mem_mb": 1371.39,
                "samples_count": 16
            },
            {
                "ip": "35.208.205.25",
                "avg_cpu": 0.0386,
                "avg_mem_mb": 1327.91,
                "samples_count": 17
            }
        ],
        "remote_avg_cpu": 0.0533,
        "remote_avg_mem_mb": 1352.29
    }
}