{
    "parameters": {
        "mq_type": "kafka",
        "broker_address": "35.209.251.221",
        "topic": "test-throughput_scaling",
        "num_producers": 40,
        "num_consumers": 20,
        "messages_per_producer": 50000,
        "log_interval": 100,
        "message_size": 100,
        "remote_ips": [
            "35.209.251.221",
            "35.239.56.104",
            "35.208.205.25"
        ]
    },
    "summary": {
        "total_messages_produced": 2000000,
        "producer_avg_throughput": 1905585.837716643,
        "consumer_avg_throughput": 24403.94184137831,
        "consumer_avg_latency": 2.1738745796272756,
        "consumer_p99_latency": 2.692925250530243,
        "consumer_cold_start_latency": 2.171259908437728,
        "remote_servers": [
            {
                "ip": "35.209.251.221",
                "avg_cpu": 0.0688,
                "avg_mem_mb": 1301.62,
                "samples_count": 15
            },
            {
                "ip": "35.239.56.104",
                "avg_cpu": 0.0751,
                "avg_mem_mb": 1304.34,
                "samples_count": 15
            },
            {
                "ip": "35.208.205.25",
                "avg_cpu": 0.0618,
                "avg_mem_mb": 1276.46,
                "samples_count": 16
            }
        ],
        "remote_avg_cpu": 0.0686,
        "remote_avg_mem_mb": 1294.14
    }
}