{
    "parameters": {
        "mq_type": "kafka",
        "broker_address": "35.209.251.221",
        "topic": "test-throughput_scaling",
        "num_producers": 40,
        "num_consumers": 20,
        "messages_per_producer": 5000000,
        "log_interval": 100,
        "message_size": 100,
        "remote_ips": [
            "35.209.251.221",
            "35.239.56.104",
            "35.208.205.25"
        ]
    },
    "summary": {
        "total_messages_produced": 200000000,
        "producer_avg_throughput": 1301743.2456987973,
        "consumer_avg_throughput": 48916.81919601791,
        "consumer_avg_latency": 46.759111088686296,
        "consumer_p99_latency": 70.47900137901306,
        "consumer_cold_start_latency": 2.167229919910431,
        "remote_servers": [
            {
                "ip": "35.209.251.221",
                "avg_cpu": 0.2922,
                "avg_mem_mb": 1302.47,
                "samples_count": 226
            },
            {
                "ip": "35.239.56.104",
                "avg_cpu": 0.3041,
                "avg_mem_mb": 1305.21,
                "samples_count": 227
            },
            {
                "ip": "35.208.205.25",
                "avg_cpu": 0.2633,
                "avg_mem_mb": 1271.51,
                "samples_count": 228
            }
        ],
        "remote_avg_cpu": 0.2865,
        "remote_avg_mem_mb": 1293.06
    }
}