{
    "parameters": {
        "mq_type": "kafka",
        "broker_address": "35.209.251.221",
        "topic": "test-throughput_scaling",
        "num_producers": 40,
        "num_consumers": 20,
        "messages_per_producer": 1000000,
        "log_interval": 100,
        "message_size": 100,
        "remote_ips": [
            "35.209.251.221",
            "35.239.56.104",
            "35.208.205.25"
        ]
    },
    "summary": {
        "total_messages_produced": 40000000,
        "producer_avg_throughput": 1552089.6008116168,
        "consumer_avg_throughput": 56991.91005671005,
        "consumer_avg_latency": 9.634031593703902,
        "consumer_p99_latency": 13.234456026554108,
        "consumer_cold_start_latency": 2.1840772116184235,
        "remote_servers": [
            {
                "ip": "35.209.251.221",
                "avg_cpu": 0.2693,
                "avg_mem_mb": 1363.18,
                "samples_count": 45
            },
            {
                "ip": "35.239.56.104",
                "avg_cpu": 0.3279,
                "avg_mem_mb": 1373.2,
                "samples_count": 45
            },
            {
                "ip": "35.208.205.25",
                "avg_cpu": 0.3679,
                "avg_mem_mb": 1405.29,
                "samples_count": 45
            }
        ],
        "remote_avg_cpu": 0.3217,
        "remote_avg_mem_mb": 1380.56
    }
}