{
    "parameters": {
        "mq_type": "kafka",
        "broker_address": "35.209.251.221",
        "topic": "test-throughput_scaling",
        "num_producers": 40,
        "num_consumers": 20,
        "messages_per_producer": 10000,
        "log_interval": 100,
        "message_size": 100,
        "remote_ips": [
            "35.209.251.221",
            "35.239.56.104",
            "35.208.205.25"
        ]
    },
    "summary": {
        "total_messages_produced": 400000,
        "producer_avg_throughput": 158204.1770381621,
        "consumer_avg_throughput": 3216.6451572067244,
        "consumer_avg_latency": 4.271884681718349,
        "consumer_p99_latency": 4.439721786975861,
        "consumer_cold_start_latency": 4.247616310119629,
        "remote_servers": [
            {
                "ip": "35.209.251.221",
                "avg_cpu": 0.078,
                "avg_mem_mb": 644.63,
                "samples_count": 0
            },
            {
                "ip": "35.239.56.104",
                "avg_cpu": 0.104,
                "avg_mem_mb": 629.03,
                "samples_count": 0
            },
            {
                "ip": "35.208.205.25",
                "avg_cpu": 0.025,
                "avg_mem_mb": 598.39,
                "samples_count": 0
            }
        ],
        "remote_avg_cpu": 0.069,
        "remote_avg_mem_mb": 624.02,
        "merged_t2latencies": {
            "1742060649.9839618": [
                10.150680984685398,
                394710
            ],
            "1742060650.0839636": [
                5.214832818987187,
                4355
            ],
            "1742060652.8148649": [
                7.0429585548964395,
                616
            ],
            "1742060653.031531": [
                7.253418544928233,
                12
            ],
            "1742060655.8427382": [
                10.062560619626726,
                70
            ],
            "1742060656.049134": [
                10.263168696518784,
                91
            ],
            "1742060658.8626318": [
                13.083243469397226,
                24
            ],
            "1742060662.113201": [
                16.33275329271952,
                30
            ],
            "1742060665.1254663": [
                19.343822414676346,
                48
            ],
            "1742060667.9180846": [
                22.135453581809998,
                8
            ],
            "1742060671.1645286": [
                25.39213424258762,
                36
            ]
        }
    }
}