{
    "parameters": {
        "mq_type": "kafka",
        "broker_address": "35.209.251.221",
        "topic": "test-throughput_scaling",
        "num_producers": 40,
        "num_consumers": 21,
        "messages_per_producer": 5000,
        "log_interval": 100,
        "message_size": 100,
        "remote_ips": [
            "35.209.251.221",
            "35.239.56.104",
            "35.208.205.25"
        ]
    },
    "summary": {
        "total_messages_produced": 200000,
        "producer_avg_throughput": 112098.78945289386,
        "consumer_avg_throughput": 1427.6411200480404,
        "consumer_avg_latency": 4.300192778241753,
        "consumer_p99_latency": 4.998302834374564,
        "consumer_cold_start_latency": 4.269972613425481,
        "remote_servers": [
            {
                "ip": "35.209.251.221",
                "avg_cpu": 0.088,
                "avg_mem_mb": 640.27,
                "samples_count": 0
            },
            {
                "ip": "35.239.56.104",
                "avg_cpu": 0.091,
                "avg_mem_mb": 627.54,
                "samples_count": 0
            },
            {
                "ip": "35.208.205.25",
                "avg_cpu": 0.027,
                "avg_mem_mb": 607.97,
                "samples_count": 0
            }
        ],
        "remote_avg_cpu": 0.0687,
        "remote_avg_mem_mb": 625.26,
        "merged_t2latencies": {
            "1742060743.2076879": [
                9.37406799371252,
                199195
            ],
            "1742060746.0430443": [
                7.077719602443029,
                269
            ],
            "1742060746.2465758": [
                7.28758461200274,
                52
            ],
            "1742060749.0661716": [
                10.108457107243575,
                127
            ],
            "1742060752.0842261": [
                13.126045718400375,
                115
            ],
            "1742060752.2783842": [
                13.304005638758342,
                15
            ],
            "1742060755.1062777": [
                16.14451044689526,
                165
            ],
            "1742060758.1284149": [
                19.15006528960334,
                9
            ],
            "1742060758.3182032": [
                19.356667253706192,
                36
            ]
        }
    }
}