{
    "parameters": {
        "mq_type": "kafka",
        "broker_address": "35.209.251.221",
        "topic": "test-throughput_scaling",
        "num_producers": 40,
        "num_consumers": 22,
        "messages_per_producer": 5000,
        "log_interval": 100,
        "message_size": 100,
        "remote_ips": [
            "35.209.251.221",
            "35.239.56.104",
            "35.208.205.25"
        ]
    },
    "summary": {
        "total_messages_produced": 200000,
        "producer_avg_throughput": 111817.39415573856,
        "consumer_avg_throughput": 1500.3397539808961,
        "consumer_avg_latency": 4.300697320052918,
        "consumer_p99_latency": 4.983782703226263,
        "consumer_cold_start_latency": 4.281324174187401,
        "remote_servers": [
            {
                "ip": "35.209.251.221",
                "avg_cpu": 0.085,
                "avg_mem_mb": 646.2,
                "samples_count": 0
            },
            {
                "ip": "35.239.56.104",
                "avg_cpu": 0.089,
                "avg_mem_mb": 633.39,
                "samples_count": 0
            },
            {
                "ip": "35.208.205.25",
                "avg_cpu": 0.02,
                "avg_mem_mb": 595.37,
                "samples_count": 0
            }
        ],
        "remote_avg_cpu": 0.0647,
        "remote_avg_mem_mb": 624.99,
        "merged_t2latencies": {
            "1742060913.8627162": [
                9.7231092411339,
                199368
            ],
            "1742060916.7000728": [
                7.091600657689691,
                202
            ],
            "1742060916.902319": [
                7.293093024467935,
                49
            ],
            "1742060919.7196949": [
                10.114692750623666,
                118
            ],
            "1742060919.9208627": [
                10.30496987929711,
                13
            ],
            "1742060922.7374365": [
                13.115787744522095,
                18
            ],
            "1742060922.9365802": [
                13.338537845856104,
                117
            ],
            "1742060925.960587": [
                16.35285209594889,
                47
            ],
            "1742060928.7740936": [
                19.185082901091807,
                42
            ],
            "1742060931.7912774": [
                22.201378226280212,
                6
            ]
        }
    }
}