{
    "parameters": {
        "mq_type": "kafka",
        "broker_address": "35.209.251.221",
        "topic": "test-throughput_scaling",
        "num_producers": 40,
        "num_consumers": 23,
        "messages_per_producer": 5000,
        "log_interval": 100,
        "message_size": 100,
        "remote_ips": [
            "35.209.251.221",
            "35.239.56.104",
            "35.208.205.25"
        ]
    },
    "summary": {
        "total_messages_produced": 200000,
        "producer_avg_throughput": 107872.41834798962,
        "consumer_avg_throughput": 2111.443273630021,
        "consumer_avg_latency": 2.4139633018267035,
        "consumer_p99_latency": 2.674556338268778,
        "consumer_cold_start_latency": 2.396791096148284,
        "remote_servers": [
            {
                "ip": "35.209.251.221",
                "avg_cpu": 0.078,
                "avg_mem_mb": 645.61,
                "samples_count": 0
            },
            {
                "ip": "35.239.56.104",
                "avg_cpu": 0.098,
                "avg_mem_mb": 633.12,
                "samples_count": 0
            },
            {
                "ip": "35.208.205.25",
                "avg_cpu": 0.023,
                "avg_mem_mb": 605.32,
                "samples_count": 0
            }
        ],
        "remote_avg_cpu": 0.0663,
        "remote_avg_mem_mb": 628.01,
        "merged_t2latencies": {
            "1742061085.834413": [
                5.746217333536756,
                199203
            ],
            "1742061088.6940663": [
                5.207179888873033,
                284
            ],
            "1742061088.8803241": [
                5.412504173376981,
                136
            ],
            "1742061091.7124565": [
                8.248120892587009,
                199
            ],
            "1742061091.9021766": [
                8.430688495505347,
                73
            ],
            "1742061094.7353306": [
                11.276922883987426,
                25
            ],
            "1742061097.760698": [
                14.291094660758972,
                18
            ],
            "1742061097.9359884": [
                14.462245451079475,
                36
            ],
            "1742061100.7783484": [
                17.313068389892578,
                1
            ],
            "1742061103.7952998": [
                20.329506129026413,
                8
            ],
            "1742061106.815116": [
                23.348753213882446,
                2
            ]
        }
    }
}