{
    "parameters": {
        "mq_type": "kafka",
        "broker_address": "35.209.251.221",
        "topic": "test-throughput_scaling",
        "num_producers": 40,
        "num_consumers": 24,
        "messages_per_producer": 10000,
        "log_interval": 100,
        "message_size": 100,
        "remote_ips": [
            "35.209.251.221",
            "35.239.56.104",
            "35.208.205.25"
        ]
    },
    "summary": {
        "total_messages_produced": 400000,
        "producer_avg_throughput": 163130.09732451415,
        "consumer_avg_throughput": 2736.808975583305,
        "consumer_avg_latency": 4.338175914094703,
        "consumer_p99_latency": 4.851020912329356,
        "consumer_cold_start_latency": 4.31353815774123,
        "remote_servers": [
            {
                "ip": "35.209.251.221",
                "avg_cpu": 0.093,
                "avg_mem_mb": 650.91,
                "samples_count": 0
            },
            {
                "ip": "35.239.56.104",
                "avg_cpu": 0.105,
                "avg_mem_mb": 623.65,
                "samples_count": 0
            },
            {
                "ip": "35.208.205.25",
                "avg_cpu": 0.017,
                "avg_mem_mb": 596.77,
                "samples_count": 0
            }
        ],
        "remote_avg_cpu": 0.0717,
        "remote_avg_mem_mb": 623.78,
        "merged_t2latencies": {
            "1742061348.3964849": [
                11.125172771365428,
                398893
            ],
            "1742061351.1977878": [
                7.215283758174519,
                517
            ],
            "1742061351.4409113": [
                7.319137435210378,
                19
            ],
            "1742061354.2192929": [
                10.10290956759191,
                91
            ],
            "1742061354.4494293": [
                10.326624298095702,
                65
            ],
            "1742061357.238987": [
                13.114912777530904,
                49
            ],
            "1742061357.4681108": [
                13.3465995517644,
                44
            ],
            "1742061360.2720728": [
                16.144702183233708,
                185
            ],
            "1742061363.301118": [
                19.17415486682545,
                11
            ],
            "1742061363.5056148": [
                19.388176112235346,
                79
            ],
            "1742061366.2919903": [
                22.17009655890926,
                31
            ]
        }
    }
}