{
    "parameters": {
        "mq_type": "kafka",
        "broker_address": "35.209.251.221",
        "topic": "test-throughput_scaling",
        "num_producers": 40,
        "num_consumers": 25,
        "messages_per_producer": 5000,
        "log_interval": 100,
        "message_size": 100,
        "remote_ips": [
            "35.209.251.221",
            "35.239.56.104",
            "35.208.205.25"
        ]
    },
    "summary": {
        "total_messages_produced": 200000,
        "producer_avg_throughput": 109751.35818582693,
        "consumer_avg_throughput": 1317.5217651357566,
        "consumer_avg_latency": 4.352054914644957,
        "consumer_p99_latency": 5.2945046138763425,
        "consumer_cold_start_latency": 4.331706544303894,
        "remote_servers": [
            {
                "ip": "35.209.251.221",
                "avg_cpu": 0.076,
                "avg_mem_mb": 644.06,
                "samples_count": 0
            },
            {
                "ip": "35.239.56.104",
                "avg_cpu": 0.091,
                "avg_mem_mb": 625.97,
                "samples_count": 0
            },
            {
                "ip": "35.208.205.25",
                "avg_cpu": 0.061,
                "avg_mem_mb": 624.79,
                "samples_count": 0
            }
        ],
        "remote_avg_cpu": 0.076,
        "remote_avg_mem_mb": 631.6,
        "merged_t2latencies": {
            "1742061438.7904038": [
                10.651248258282148,
                199180
            ],
            "1742061441.6533666": [
                7.16015949100256,
                256
            ],
            "1742061441.8356984": [
                7.353926398766735,
                189
            ],
            "1742061444.6818516": [
                10.193139808972676,
                150
            ],
            "1742061444.8566632": [
                10.360965472001293,
                78
            ],
            "1742061447.7060375": [
                13.212860377629598,
                30
            ],
            "1742061447.901555": [
                13.434245239285861,
                68
            ],
            "1742061450.9017534": [
                16.42425947440298,
                38
            ],
            "1742061453.935701": [
                19.44177001172846,
                11
            ]
        }
    }
}