{
    "parameters": {
        "mq_type": "kafka",
        "broker_address": "35.209.251.221",
        "topic": "test-throughput_scaling",
        "num_producers": 40,
        "num_consumers": 25,
        "messages_per_producer": 10000,
        "log_interval": 100,
        "message_size": 100,
        "remote_ips": [
            "35.209.251.221",
            "35.239.56.104",
            "35.208.205.25"
        ]
    },
    "summary": {
        "total_messages_produced": 400000,
        "producer_avg_throughput": 161290.46089331096,
        "consumer_avg_throughput": 3619.601901845428,
        "consumer_avg_latency": 2.719043993742466,
        "consumer_p99_latency": 2.850132312774658,
        "consumer_cold_start_latency": 2.6796818000793454,
        "remote_servers": [
            {
                "ip": "35.209.251.221",
                "avg_cpu": 0.1,
                "avg_mem_mb": 653.7,
                "samples_count": 0
            },
            {
                "ip": "35.239.56.104",
                "avg_cpu": 0.103,
                "avg_mem_mb": 631.3,
                "samples_count": 0
            },
            {
                "ip": "35.208.205.25",
                "avg_cpu": 0.016,
                "avg_mem_mb": 599.52,
                "samples_count": 0
            }
        ],
        "remote_avg_cpu": 0.073,
        "remote_avg_mem_mb": 628.17,
        "merged_t2latencies": {
            "1742061523.913456": [
                6.593795308405219,
                399030
            ],
            "1742061526.7412603": [
                5.650797382407232,
                436
            ],
            "1742061526.9535704": [
                5.7070008448192056,
                140
            ],
            "1742061529.7636042": [
                8.499234308367194,
                46
            ],
            "1742061532.7805226": [
                11.525438380420656,
                133
            ],
            "1742061532.9821794": [
                11.719470599602008,
                29
            ],
            "1742061535.8191276": [
                14.56631367161589,
                53
            ],
            "1742061536.0145705": [
                14.750207230851457,
                37
            ],
            "1742061538.8161592": [
                17.571578936143354,
                33
            ],
            "1742061541.835416": [
                20.565555175145466,
                3
            ],
            "1742061542.078389": [
                20.82044116870777,
                37
            ],
            "1742061545.1156054": [
                23.85140113208605,
                23
            ]
        }
    }
}