{
    "parameters": {
        "mq_type": "kafka",
        "broker_address": "35.209.251.221",
        "topic": "test-throughput_scaling",
        "num_producers": 40,
        "num_consumers": 26,
        "messages_per_producer": 10000,
        "log_interval": 100,
        "message_size": 100,
        "remote_ips": [
            "35.209.251.221",
            "35.239.56.104",
            "35.208.205.25"
        ]
    },
    "summary": {
        "total_messages_produced": 400000,
        "producer_avg_throughput": 157854.71644287347,
        "consumer_avg_throughput": 2520.9570494615905,
        "consumer_avg_latency": 4.293008854823941,
        "consumer_p99_latency": 4.6640553291027365,
        "consumer_cold_start_latency": 4.272149347708777,
        "remote_servers": [
            {
                "ip": "35.209.251.221",
                "avg_cpu": 0.09,
                "avg_mem_mb": 641.65,
                "samples_count": 0
            },
            {
                "ip": "35.239.56.104",
                "avg_cpu": 0.131,
                "avg_mem_mb": 627.46,
                "samples_count": 0
            },
            {
                "ip": "35.208.205.25",
                "avg_cpu": 0.021,
                "avg_mem_mb": 588.52,
                "samples_count": 0
            }
        ],
        "remote_avg_cpu": 0.0807,
        "remote_avg_mem_mb": 619.21,
        "merged_t2latencies": {
            "1742061703.8433163": [
                11.026289597954225,
                398876
            ],
            "1742061706.6630344": [
                7.0785512792862075,
                472
            ],
            "1742061706.8846638": [
                7.274645719528198,
                50
            ],
            "1742061709.6843185": [
                10.073759987240747,
                126
            ],
            "1742061709.9032898": [
                10.277735798255257,
                46
            ],
            "1742061712.7063158": [
                13.074093441529708,
                110
            ],
            "1742061712.9273815": [
                13.299036336100961,
                153
            ],
            "1742061715.7381074": [
                16.10970209301382,
                138
            ],
            "1742061715.9504108": [
                16.306878126584568,
                13
            ]
        }
    }
}