{
    "parameters": {
        "mq_type": "kafka",
        "broker_address": "35.209.251.221",
        "topic": "test-throughput_scaling",
        "num_producers": 40,
        "num_consumers": 26,
        "messages_per_producer": 5000,
        "log_interval": 100,
        "message_size": 100,
        "remote_ips": [
            "35.209.251.221",
            "35.239.56.104",
            "35.208.205.25"
        ]
    },
    "summary": {
        "total_messages_produced": 200000,
        "producer_avg_throughput": 103767.12426202095,
        "consumer_avg_throughput": 1309.726883674595,
        "consumer_avg_latency": 4.376667291406412,
        "consumer_p99_latency": 5.296737945996798,
        "consumer_cold_start_latency": 4.357364834271944,
        "remote_servers": [
            {
                "ip": "35.209.251.221",
                "avg_cpu": 0.074,
                "avg_mem_mb": 630.4,
                "samples_count": 0
            },
            {
                "ip": "35.239.56.104",
                "avg_cpu": 0.091,
                "avg_mem_mb": 624.04,
                "samples_count": 0
            },
            {
                "ip": "35.208.205.25",
                "avg_cpu": 0.052,
                "avg_mem_mb": 617.3,
                "samples_count": 0
            }
        ],
        "remote_avg_cpu": 0.0723,
        "remote_avg_mem_mb": 623.91,
        "merged_t2latencies": {
            "1742061616.974255": [
                8.08353274030781,
                199150
            ],
            "1742061619.8050582": [
                7.144512914728235,
                135
            ],
            "1742061620.0184066": [
                7.379427344902702,
                230
            ],
            "1742061622.8277369": [
                10.166295693938139,
                157
            ],
            "1742061623.0285878": [
                10.373923584472303,
                129
            ],
            "1742061623.1323385": [
                10.473351966767083,
                63
            ],
            "1742061625.8522189": [
                13.19488654745386,
                47
            ],
            "1742061626.1552129": [
                13.500964908372788,
                42
            ],
            "1742061628.8737652": [
                16.204732335846998,
                29
            ],
            "1742061631.8952892": [
                19.2267995595932,
                10
            ]
        }
    }
}