{
    "parameters": {
        "mq_type": "kafka",
        "broker_address": "35.209.251.221",
        "topic": "test-throughput_scaling",
        "num_producers": 40,
        "num_consumers": 27,
        "messages_per_producer": 10000,
        "log_interval": 100,
        "message_size": 100,
        "remote_ips": [
            "35.209.251.221",
            "35.239.56.104",
            "35.208.205.25"
        ]
    },
    "summary": {
        "total_messages_produced": 400000,
        "producer_avg_throughput": 149878.69692527057,
        "consumer_avg_throughput": 2315.199546520118,
        "consumer_avg_latency": 4.312994218019137,
        "consumer_p99_latency": 5.298037069815177,
        "consumer_cold_start_latency": 4.279502279670151,
        "remote_servers": [
            {
                "ip": "35.209.251.221",
                "avg_cpu": 0.087,
                "avg_mem_mb": 638.68,
                "samples_count": 0
            },
            {
                "ip": "35.239.56.104",
                "avg_cpu": 0.12,
                "avg_mem_mb": 636.83,
                "samples_count": 0
            },
            {
                "ip": "35.208.205.25",
                "avg_cpu": 0.022,
                "avg_mem_mb": 600.88,
                "samples_count": 0
            }
        ],
        "remote_avg_cpu": 0.0763,
        "remote_avg_mem_mb": 625.46,
        "merged_t2latencies": {
            "1742061879.3152282": [
                11.347091195658301,
                398335
            ],
            "1742061882.122162": [
                7.0530833368860835,
                716
            ],
            "1742061882.358124": [
                7.290632113543424,
                55
            ],
            "1742061885.138131": [
                10.065926681344328,
                208
            ],
            "1742061885.3827586": [
                10.310623313903813,
                125
            ],
            "1742061888.1610274": [
                13.086845323443413,
                128
            ],
            "1742061891.2000828": [
                16.102932691574097,
                3
            ],
            "1742061891.4288855": [
                16.362327101753973,
                82
            ],
            "1742061894.2155757": [
                19.150853748591427,
                212
            ],
            "1742061897.2378757": [
                22.15320289255392,
                99
            ],
            "1742061900.2357175": [
                25.14246783256531,
                15
            ]
        }
    }
}