{
    "parameters": {
        "mq_type": "kafka",
        "broker_address": "35.209.251.221",
        "topic": "test-throughput_scaling",
        "num_producers": 40,
        "num_consumers": 27,
        "messages_per_producer": 5000,
        "log_interval": 100,
        "message_size": 100,
        "remote_ips": [
            "35.209.251.221",
            "35.239.56.104",
            "35.208.205.25"
        ]
    },
    "summary": {
        "total_messages_produced": 200000,
        "producer_avg_throughput": 93660.94871619664,
        "consumer_avg_throughput": 1184.1923175677682,
        "consumer_avg_latency": 4.424774401597605,
        "consumer_p99_latency": 5.499652465184529,
        "consumer_cold_start_latency": 4.386965847368593,
        "remote_servers": [
            {
                "ip": "35.209.251.221",
                "avg_cpu": 0.08,
                "avg_mem_mb": 645.54,
                "samples_count": 0
            },
            {
                "ip": "35.239.56.104",
                "avg_cpu": 0.097,
                "avg_mem_mb": 630.01,
                "samples_count": 0
            },
            {
                "ip": "35.208.205.25",
                "avg_cpu": 0.051,
                "avg_mem_mb": 621.29,
                "samples_count": 0
            }
        ],
        "remote_avg_cpu": 0.076,
        "remote_avg_mem_mb": 632.28,
        "merged_t2latencies": {
            "1742061789.6149673": [
                8.006077061547545,
                198725
            ],
            "1742061792.463148": [
                7.2026699471147095,
                511
            ],
            "1742061792.6502948": [
                7.429734544369137,
                223
            ],
            "1742061792.7581856": [
                7.500711926392147,
                28
            ],
            "1742061795.4998138": [
                10.235725855718469,
                219
            ],
            "1742061795.6717687": [
                10.431546160807976,
                52
            ],
            "1742061798.5337522": [
                13.271872605217824,
                90
            ],
            "1742061801.564849": [
                16.30153765529394,
                32
            ],
            "1742061804.575243": [
                19.30814957618713,
                26
            ],
            "1742061807.5957909": [
                22.33378435904722,
                83
            ]
        }
    }
}