{
    "parameters": {
        "mq_type": "kafka",
        "broker_address": "35.209.251.221",
        "topic": "test-throughput_scaling",
        "num_producers": 40,
        "num_consumers": 28,
        "messages_per_producer": 10000,
        "log_interval": 100,
        "message_size": 100,
        "remote_ips": [
            "35.209.251.221",
            "35.239.56.104",
            "35.208.205.25"
        ]
    },
    "summary": {
        "total_messages_produced": 400000,
        "producer_avg_throughput": 152195.38816808353,
        "consumer_avg_throughput": 2392.419684098623,
        "consumer_avg_latency": 4.276029332276971,
        "consumer_p99_latency": 4.724196561745235,
        "consumer_cold_start_latency": 4.254270131077084,
        "remote_servers": [
            {
                "ip": "35.209.251.221",
                "avg_cpu": 0.097,
                "avg_mem_mb": 635.16,
                "samples_count": 0
            },
            {
                "ip": "35.239.56.104",
                "avg_cpu": 0.126,
                "avg_mem_mb": 629.08,
                "samples_count": 0
            },
            {
                "ip": "35.208.205.25",
                "avg_cpu": 0.027,
                "avg_mem_mb": 598.32,
                "samples_count": 0
            }
        ],
        "remote_avg_cpu": 0.0833,
        "remote_avg_mem_mb": 620.86,
        "merged_t2latencies": {
            "1742062054.864319": [
                11.360221617211305,
                398677
            ],
            "1742062057.701849": [
                7.053580667661583,
                253
            ],
            "1742062057.9010108": [
                7.3658340056407505,
                482
            ],
            "1742062060.7198281": [
                10.06976946422032,
                175
            ],
            "1742062060.9362745": [
                10.282035294033236,
                63
            ],
            "1742062063.7411306": [
                13.079266366751298,
                92
            ],
            "1742062063.9385593": [
                13.290370245648033,
                157
            ],
            "1742062066.7754545": [
                16.120495123995678,
                72
            ],
            "1742062066.981927": [
                16.327600955963135,
                9
            ]
        }
    }
}