{
    "parameters": {
        "mq_type": "kafka",
        "broker_address": "35.209.251.221",
        "topic": "test-throughput_scaling",
        "num_producers": 40,
        "num_consumers": 29,
        "messages_per_producer": 10000,
        "log_interval": 100,
        "message_size": 100,
        "remote_ips": [
            "35.209.251.221",
            "35.239.56.104",
            "35.208.205.25"
        ]
    },
    "summary": {
        "total_messages_produced": 400000,
        "producer_avg_throughput": 154933.31636602798,
        "consumer_avg_throughput": 2323.7626725927357,
        "consumer_avg_latency": 4.276619930917769,
        "consumer_p99_latency": 5.200097125152062,
        "consumer_cold_start_latency": 4.251406830590347,
        "remote_servers": [
            {
                "ip": "35.209.251.221",
                "avg_cpu": 0.09,
                "avg_mem_mb": 641.0,
                "samples_count": 0
            },
            {
                "ip": "35.239.56.104",
                "avg_cpu": 0.12,
                "avg_mem_mb": 624.12,
                "samples_count": 0
            },
            {
                "ip": "35.208.205.25",
                "avg_cpu": 0.017,
                "avg_mem_mb": 605.41,
                "samples_count": 0
            }
        ],
        "remote_avg_cpu": 0.0757,
        "remote_avg_mem_mb": 623.51,
        "merged_t2latencies": {
            "1742062228.9961786": [
                11.159607219836133,
                398509
            ],
            "1742062231.8337927": [
                7.094965268956856,
                752
            ],
            "1742062232.046404": [
                7.250410039740872,
                83
            ],
            "1742062234.862493": [
                10.04220802783966,
                20
            ],
            "1742062235.06294": [
                10.46499156367545,
                204
            ],
            "1742062237.8741322": [
                13.091154686412455,
                161
            ],
            "1742062238.094907": [
                13.289509351863417,
                43
            ],
            "1742062240.8978662": [
                16.106007306916368,
                70
            ],
            "1742062241.1145012": [
                16.317653111049108,
                140
            ],
            "1742062244.1382682": [
                19.330381917953492,
                15
            ]
        }
    }
}