{
    "parameters": {
        "mq_type": "kafka",
        "broker_address": "35.209.251.221",
        "topic": "test-throughput_scaling",
        "num_producers": 40,
        "num_consumers": 29,
        "messages_per_producer": 5000,
        "log_interval": 100,
        "message_size": 100,
        "remote_ips": [
            "35.209.251.221",
            "35.239.56.104",
            "35.208.205.25"
        ]
    },
    "summary": {
        "total_messages_produced": 200000,
        "producer_avg_throughput": 97346.66024079832,
        "consumer_avg_throughput": 1112.803232247941,
        "consumer_avg_latency": 4.331678914964433,
        "consumer_p99_latency": 6.154726423066238,
        "consumer_cold_start_latency": 4.301093066478598,
        "remote_servers": [
            {
                "ip": "35.209.251.221",
                "avg_cpu": 0.088,
                "avg_mem_mb": 647.46,
                "samples_count": 0
            },
            {
                "ip": "35.239.56.104",
                "avg_cpu": 0.094,
                "avg_mem_mb": 627.54,
                "samples_count": 0
            },
            {
                "ip": "35.208.205.25",
                "avg_cpu": 0.017,
                "avg_mem_mb": 614.78,
                "samples_count": 0
            }
        ],
        "remote_avg_cpu": 0.0663,
        "remote_avg_mem_mb": 629.93,
        "merged_t2latencies": {
            "1742062139.1557198": [
                7.615169759684903,
                199025
            ],
            "1742062142.0061588": [
                7.172434230560952,
                235
            ],
            "1742062142.1881795": [
                7.27347852859968,
                81
            ],
            "1742062145.0267267": [
                10.127590531009742,
                236
            ],
            "1742062145.2123861": [
                10.419464010941352,
                76
            ],
            "1742062145.3273945": [
                10.431778756521082,
                93
            ],
            "1742062148.045807": [
                13.136906255994525,
                35
            ],
            "1742062148.2802496": [
                13.384739123857939,
                13
            ],
            "1742062151.2486966": [
                16.345574838774546,
                70
            ],
            "1742062151.3652358": [
                16.474224130312603,
                12
            ],
            "1742062154.0995407": [
                19.206817354474747,
                21
            ],
            "1742062157.103393": [
                22.222998203233228,
                43
            ],
            "1742062157.406215": [
                22.50258886814117,
                44
            ]
        }
    }
}