{
    "parameters": {
        "mq_type": "kafka",
        "broker_address": "35.209.251.221",
        "topic": "test-throughput_scaling",
        "num_producers": 40,
        "num_consumers": 30,
        "messages_per_producer": 1000000,
        "log_interval": 100,
        "message_size": 100,
        "remote_ips": [
            "35.209.251.221",
            "35.239.56.104",
            "35.208.205.25"
        ]
    },
    "summary": {
        "total_messages_produced": 40000000,
        "producer_avg_throughput": 1333359.0406499912,
        "consumer_avg_throughput": 35974.74947111727,
        "consumer_avg_latency": 6.488519475627559,
        "consumer_p99_latency": 8.747062063217163,
        "consumer_cold_start_latency": 2.221685749212901,
        "remote_servers": [
            {
                "ip": "35.209.251.221",
                "avg_cpu": 0.3365,
                "avg_mem_mb": 1382.72,
                "samples_count": 54
            },
            {
                "ip": "35.239.56.104",
                "avg_cpu": 0.3453,
                "avg_mem_mb": 1395.77,
                "samples_count": 54
            },
            {
                "ip": "35.208.205.25",
                "avg_cpu": 0.3078,
                "avg_mem_mb": 1328.92,
                "samples_count": 54
            }
        ],
        "remote_avg_cpu": 0.3299,
        "remote_avg_mem_mb": 1369.14
    }
}