{
    "parameters": {
        "mq_type": "kafka",
        "broker_address": "35.209.251.221",
        "topic": "test-throughput_scaling",
        "num_producers": 40,
        "num_consumers": 30,
        "messages_per_producer": 5000000,
        "log_interval": 100,
        "message_size": 100,
        "remote_ips": [
            "35.209.251.221",
            "35.239.56.104",
            "35.208.205.25"
        ]
    },
    "summary": {
        "total_messages_produced": 200000000,
        "producer_avg_throughput": 1222104.8097914981,
        "consumer_avg_throughput": 37011.581477175765,
        "consumer_avg_latency": 18.09998058750164,
        "consumer_p99_latency": 29.176810280481973,
        "consumer_cold_start_latency": 2.1953324502309166,
        "remote_servers": [
            {
                "ip": "35.209.251.221",
                "avg_cpu": 0.4859,
                "avg_mem_mb": 1430.95,
                "samples_count": 199
            },
            {
                "ip": "35.239.56.104",
                "avg_cpu": 0.4777,
                "avg_mem_mb": 1451.1,
                "samples_count": 199
            },
            {
                "ip": "35.208.205.25",
                "avg_cpu": 0.4203,
                "avg_mem_mb": 1346.61,
                "samples_count": 200
            }
        ],
        "remote_avg_cpu": 0.4613,
        "remote_avg_mem_mb": 1409.55
    }
}