{
    "parameters": {
        "mq_type": "kafka",
        "broker_address": "35.209.251.221",
        "topic": "test-throughput_scaling",
        "num_producers": 40,
        "num_consumers": 30,
        "messages_per_producer": 5000,
        "log_interval": 100,
        "message_size": 100,
        "remote_ips": [
            "35.209.251.221",
            "35.239.56.104",
            "35.208.205.25"
        ]
    },
    "summary": {
        "total_messages_produced": 200000,
        "producer_avg_throughput": 94490.96121138814,
        "consumer_avg_throughput": 1106.4522428581583,
        "consumer_avg_latency": 4.2940512055134175,
        "consumer_p99_latency": 5.6562686602274574,
        "consumer_cold_start_latency": 4.273794901212056,
        "remote_servers": [
            {
                "ip": "35.209.251.221",
                "avg_cpu": 0.082,
                "avg_mem_mb": 646.01,
                "samples_count": 0
            },
            {
                "ip": "35.239.56.104",
                "avg_cpu": 0.11,
                "avg_mem_mb": 629.11,
                "samples_count": 0
            },
            {
                "ip": "35.208.205.25",
                "avg_cpu": 0.018,
                "avg_mem_mb": 594.26,
                "samples_count": 0
            }
        ],
        "remote_avg_cpu": 0.07,
        "remote_avg_mem_mb": 623.12,
        "merged_t2latencies": {
            "1742062316.4012954": [
                8.01231028260414,
                198691
            ],
            "1742062316.5012975": [
                4.330612897396088,
                500
            ],
            "1742062319.234456": [
                7.057726623639779,
                237
            ],
            "1742062319.441366": [
                7.299969618473578,
                109
            ],
            "1742062322.2658648": [
                10.095374795010217,
                95
            ],
            "1742062322.460468": [
                10.310062215878414,
                78
            ],
            "1742062325.2822957": [
                13.079166325075287,
                112
            ],
            "1742062325.4851031": [
                13.316191104742197,
                26
            ],
            "1742062328.3054674": [
                16.13683817193315,
                37
            ],
            "1742062331.3258855": [
                19.152754438057375,
                89
            ],
            "1742062331.5252814": [
                19.36701226234436,
                6
            ]
        }
    }
}