{
    "parameters": {
        "mq_type": "kafka",
        "broker_address": "35.209.251.221",
        "topic": "test-throughput_scaling",
        "num_producers": 40,
        "num_consumers": 30,
        "messages_per_producer": 5000,
        "log_interval": 100,
        "message_size": 100,
        "remote_ips": [
            "35.209.251.221",
            "35.239.56.104",
            "35.208.205.25"
        ]
    },
    "summary": {
        "total_messages_produced": 200000,
        "producer_avg_throughput": 811889.0343885771,
        "consumer_avg_throughput": 1980.866407356499,
        "consumer_avg_latency": 2.1253296188061594,
        "consumer_p99_latency": 3.493741178512573,
        "consumer_cold_start_latency": 2.108808645248413,
        "remote_servers": [
            {
                "ip": "35.209.251.221",
                "avg_cpu": 0.036,
                "avg_mem_mb": 1270.33,
                "samples_count": 0
            },
            {
                "ip": "35.239.56.104",
                "avg_cpu": 0.043,
                "avg_mem_mb": 1272.84,
                "samples_count": 0
            },
            {
                "ip": "35.208.205.25",
                "avg_cpu": 0.025,
                "avg_mem_mb": 1289.71,
                "samples_count": 0
            }
        ],
        "remote_avg_cpu": 0.0347,
        "remote_avg_mem_mb": 1277.63,
        "merged_t2latencies": {
            "1741505435.8071196": [
                6.050328348599216,
                199191
            ],
            "1741505438.717428": [
                4.9838280185254025,
                334
            ],
            "1741505438.823111": [
                5.081901391347249,
                12
            ],
            "1741505441.7285545": [
                7.991678716130339,
                173
            ],
            "1741505444.7451026": [
                11.007804999841708,
                107
            ],
            "1741505444.8515818": [
                11.124945571345668,
                31
            ],
            "1741505447.7582598": [
                14.004740411585027,
                11
            ],
            "1741505447.8765063": [
                14.133651329920841,
                26
            ],
            "1741505450.7750514": [
                17.043746373527927,
                95
            ]
        }
    }
}