{
    "parameters": {
        "mq_type": "kafka",
        "broker_address": "35.209.251.221",
        "topic": "test-throughput_scaling",
        "num_producers": 40,
        "num_consumers": 30,
        "messages_per_producer": 10000,
        "log_interval": 100,
        "message_size": 100,
        "remote_ips": [
            "35.209.251.221",
            "35.239.56.104",
            "35.208.205.25"
        ]
    },
    "summary": {
        "total_messages_produced": 400000,
        "producer_avg_throughput": 157998.7968250345,
        "consumer_avg_throughput": 2276.83001483691,
        "consumer_avg_latency": 4.317003415902824,
        "consumer_p99_latency": 4.8050680955251055,
        "consumer_cold_start_latency": 4.281646336396535,
        "remote_servers": [
            {
                "ip": "35.209.251.221",
                "avg_cpu": 0.107,
                "avg_mem_mb": 649.43,
                "samples_count": 0
            },
            {
                "ip": "35.239.56.104",
                "avg_cpu": 0.104,
                "avg_mem_mb": 627.1,
                "samples_count": 0
            },
            {
                "ip": "35.208.205.25",
                "avg_cpu": 0.021,
                "avg_mem_mb": 599.05,
                "samples_count": 0
            }
        ],
        "remote_avg_cpu": 0.0773,
        "remote_avg_mem_mb": 625.19,
        "merged_t2latencies": {
            "1742062403.5242488": [
                12.209390970749574,
                398611
            ],
            "1742062406.3474727": [
                7.082410566256597,
                650
            ],
            "1742062406.5664074": [
                7.28523975610733,
                144
            ],
            "1742062409.3722038": [
                10.1051122317443,
                185
            ],
            "1742062409.589329": [
                10.296494835073291,
                110
            ],
            "1742062412.390555": [
                13.110753305256367,
                64
            ],
            "1742062412.609052": [
                13.290173754972571,
                34
            ],
            "1742062415.4106758": [
                16.126319723309212,
                53
            ],
            "1742062415.6175933": [
                16.336742261181705,
                92
            ],
            "1742062418.4455996": [
                19.129014649289726,
                47
            ]
        }
    }
}