{
    "parameters": {
        "mq_type": "kafka",
        "broker_address": "35.209.251.221",
        "topic": "test-throughput_scaling",
        "num_producers": 40,
        "num_consumers": 30,
        "messages_per_producer": 50000,
        "log_interval": 100,
        "message_size": 100,
        "remote_ips": [
            "35.209.251.221",
            "35.239.56.104",
            "35.208.205.25"
        ]
    },
    "summary": {
        "total_messages_produced": 2000000,
        "producer_avg_throughput": 1922225.6237843744,
        "consumer_avg_throughput": 13636.364875265419,
        "consumer_avg_latency": 2.500806863329125,
        "consumer_p99_latency": 3.399109133084615,
        "consumer_cold_start_latency": 2.1657484002113345,
        "remote_servers": [
            {
                "ip": "35.209.251.221",
                "avg_cpu": 0.1035,
                "avg_mem_mb": 1282.47,
                "samples_count": 21
            },
            {
                "ip": "35.239.56.104",
                "avg_cpu": 0.0629,
                "avg_mem_mb": 1284.96,
                "samples_count": 22
            },
            {
                "ip": "35.208.205.25",
                "avg_cpu": 0.078,
                "avg_mem_mb": 1250.33,
                "samples_count": 23
            }
        ],
        "remote_avg_cpu": 0.0815,
        "remote_avg_mem_mb": 1272.59
    }
}