{
    "parameters": {
        "mq_type": "kafka",
        "broker_address": "35.209.251.221",
        "topic": "test-throughput_scaling",
        "num_producers": 40,
        "num_consumers": 31,
        "messages_per_producer": 10000,
        "log_interval": 100,
        "message_size": 100,
        "remote_ips": [
            "35.209.251.221",
            "35.239.56.104",
            "35.208.205.25"
        ]
    },
    "summary": {
        "total_messages_produced": 400000,
        "producer_avg_throughput": 148182.38891277552,
        "consumer_avg_throughput": 3136.1695783651094,
        "consumer_avg_latency": 2.8429828197929212,
        "consumer_p99_latency": 3.503121268364691,
        "consumer_cold_start_latency": 2.8121764690645286,
        "remote_servers": [
            {
                "ip": "35.209.251.221",
                "avg_cpu": 0.102,
                "avg_mem_mb": 641.03,
                "samples_count": 0
            },
            {
                "ip": "35.239.56.104",
                "avg_cpu": 0.11,
                "avg_mem_mb": 628.1,
                "samples_count": 0
            },
            {
                "ip": "35.208.205.25",
                "avg_cpu": 0.021,
                "avg_mem_mb": 604.84,
                "samples_count": 0
            }
        ],
        "remote_avg_cpu": 0.0777,
        "remote_avg_mem_mb": 624.66,
        "merged_t2latencies": {
            "1742062571.0495725": [
                7.062483849951561,
                398713
            ],
            "1742062573.8696208": [
                5.729131488206747,
                434
            ],
            "1742062574.0991251": [
                5.825869515008135,
                253
            ],
            "1742062576.893876": [
                8.626331757415423,
                132
            ],
            "1742062577.1229603": [
                8.850673355219016,
                131
            ],
            "1742062579.9266875": [
                11.632080174506978,
                141
            ],
            "1742062580.1400783": [
                11.87687472828099,
                61
            ],
            "1742062583.1769607": [
                14.896526277065277,
                4
            ],
            "1742062586.1947749": [
                17.912154493197583,
                71
            ],
            "1742062588.9692767": [
                20.691066579998665,
                53
            ]
        }
    }
}