{
    "parameters": {
        "mq_type": "kafka",
        "broker_address": "35.209.251.221",
        "topic": "test-throughput_scaling",
        "num_producers": 40,
        "num_consumers": 32,
        "messages_per_producer": 5000,
        "log_interval": 100,
        "message_size": 100,
        "remote_ips": [
            "35.209.251.221",
            "35.239.56.104",
            "35.208.205.25"
        ]
    },
    "summary": {
        "total_messages_produced": 200000,
        "producer_avg_throughput": 91566.80426525422,
        "consumer_avg_throughput": 1104.2386999730566,
        "consumer_avg_latency": 4.374601895321608,
        "consumer_p99_latency": 4.396508596837521,
        "consumer_cold_start_latency": 4.361745523065328,
        "remote_servers": [
            {
                "ip": "35.209.251.221",
                "avg_cpu": 0.077,
                "avg_mem_mb": 643.36,
                "samples_count": 0
            },
            {
                "ip": "35.239.56.104",
                "avg_cpu": 0.097,
                "avg_mem_mb": 627.83,
                "samples_count": 0
            },
            {
                "ip": "35.208.205.25",
                "avg_cpu": 0.061,
                "avg_mem_mb": 614.27,
                "samples_count": 0
            }
        ],
        "remote_avg_cpu": 0.0783,
        "remote_avg_mem_mb": 628.49,
        "merged_t2latencies": {
            "1742062661.10542": [
                10.191827842578226,
                199866
            ],
            "1742062663.949188": [
                7.20517441204616,
                35
            ],
            "1742062664.1394944": [
                7.390594625473023,
                40
            ],
            "1742062666.976116": [
                10.218225541322127,
                23
            ],
            "1742062667.226481": [
                10.468506018320719,
                3
            ],
            "1742062669.9895155": [
                13.225767274697622,
                12
            ],
            "1742062670.182875": [
                13.444327094338156,
                11
            ],
            "1742062673.0184314": [
                16.242425084114075,
                4
            ],
            "1742062673.2705986": [
                16.512016654014587,
                4
            ],
            "1742062676.0553684": [
                19.296637177467346,
                2
            ]
        }
    }
}