{
    "parameters": {
        "mq_type": "kafka",
        "broker_address": "35.209.251.221",
        "topic": "test-throughput_scaling",
        "num_producers": 40,
        "num_consumers": 32,
        "messages_per_producer": 10000,
        "log_interval": 100,
        "message_size": 100,
        "remote_ips": [
            "35.209.251.221",
            "35.239.56.104",
            "35.208.205.25"
        ]
    },
    "summary": {
        "total_messages_produced": 400000,
        "producer_avg_throughput": 156742.9281840374,
        "consumer_avg_throughput": 1971.3238134278179,
        "consumer_avg_latency": 4.389138554933071,
        "consumer_p99_latency": 4.422158822417259,
        "consumer_cold_start_latency": 4.388114279359579,
        "remote_servers": [
            {
                "ip": "35.209.251.221",
                "avg_cpu": 0.098,
                "avg_mem_mb": 653.57,
                "samples_count": 0
            },
            {
                "ip": "35.239.56.104",
                "avg_cpu": 0.106,
                "avg_mem_mb": 627.79,
                "samples_count": 0
            },
            {
                "ip": "35.208.205.25",
                "avg_cpu": 0.063,
                "avg_mem_mb": 615.63,
                "samples_count": 0
            }
        ],
        "remote_avg_cpu": 0.089,
        "remote_avg_mem_mb": 632.33,
        "merged_t2latencies": {
            "1742062748.0853941": [
                12.362635570812,
                399798
            ],
            "1742062750.9114232": [
                7.1507282116833855,
                51
            ],
            "1742062751.1215916": [
                7.3962412807676525,
                18
            ],
            "1742062753.9572754": [
                10.212408065795898,
                19
            ],
            "1742062754.1640923": [
                10.395652343829473,
                24
            ],
            "1742062756.9860458": [
                13.221749799592155,
                28
            ],
            "1742062757.21107": [
                13.459517558415731,
                3
            ],
            "1742062760.0076709": [
                16.255767855150946,
                29
            ],
            "1742062760.178259": [
                16.422349799763072,
                11
            ],
            "1742062763.031699": [
                19.28420632763913,
                19
            ]
        }
    }
}