{
    "parameters": {
        "mq_type": "kafka",
        "broker_address": "35.209.251.221",
        "topic": "test-throughput_scaling",
        "num_producers": 40,
        "num_consumers": 33,
        "messages_per_producer": 10000,
        "log_interval": 100,
        "message_size": 100,
        "remote_ips": [
            "35.209.251.221",
            "35.239.56.104",
            "35.208.205.25"
        ]
    },
    "summary": {
        "total_messages_produced": 400000,
        "producer_avg_throughput": 147047.33764217884,
        "consumer_avg_throughput": 2896.832702490683,
        "consumer_avg_latency": 2.8787840241118854,
        "consumer_p99_latency": 3.249503735340003,
        "consumer_cold_start_latency": 2.846845849210566,
        "remote_servers": [
            {
                "ip": "35.209.251.221",
                "avg_cpu": 0.106,
                "avg_mem_mb": 651.81,
                "samples_count": 0
            },
            {
                "ip": "35.239.56.104",
                "avg_cpu": 0.127,
                "avg_mem_mb": 630.09,
                "samples_count": 0
            },
            {
                "ip": "35.208.205.25",
                "avg_cpu": 0.025,
                "avg_mem_mb": 594.84,
                "samples_count": 0
            }
        ],
        "remote_avg_cpu": 0.086,
        "remote_avg_mem_mb": 625.58,
        "merged_t2latencies": {
            "1742062924.4835103": [
                8.059148851481764,
                398874
            ],
            "1742062927.306607": [
                5.743315874880957,
                459
            ],
            "1742062927.531001": [
                5.874016893720166,
                103
            ],
            "1742062930.332199": [
                8.664549330564647,
                130
            ],
            "1742062930.554256": [
                8.882294729777746,
                175
            ],
            "1742062933.3529496": [
                11.683621096785052,
                137
            ],
            "1742062936.3743706": [
                14.699501986597099,
                51
            ],
            "1742062936.5932336": [
                14.930416909131138,
                11
            ],
            "1742062939.3951168": [
                17.719008292791973,
                53
            ]
        }
    }
}