{
    "parameters": {
        "mq_type": "kafka",
        "broker_address": "35.209.251.221",
        "topic": "test-throughput_scaling",
        "num_producers": 40,
        "num_consumers": 33,
        "messages_per_producer": 5000,
        "log_interval": 100,
        "message_size": 100,
        "remote_ips": [
            "35.209.251.221",
            "35.239.56.104",
            "35.208.205.25"
        ]
    },
    "summary": {
        "total_messages_produced": 200000,
        "producer_avg_throughput": 77663.22839527718,
        "consumer_avg_throughput": 961.8631532817383,
        "consumer_avg_latency": 4.300960325710724,
        "consumer_p99_latency": 5.3599716461066045,
        "consumer_cold_start_latency": 4.277568590135285,
        "remote_servers": [
            {
                "ip": "35.209.251.221",
                "avg_cpu": 0.087,
                "avg_mem_mb": 646.78,
                "samples_count": 0
            },
            {
                "ip": "35.239.56.104",
                "avg_cpu": 0.115,
                "avg_mem_mb": 633.35,
                "samples_count": 0
            },
            {
                "ip": "35.208.205.25",
                "avg_cpu": 0.023,
                "avg_mem_mb": 596.2,
                "samples_count": 0
            }
        ],
        "remote_avg_cpu": 0.075,
        "remote_avg_mem_mb": 625.44,
        "merged_t2latencies": {
            "1742062835.6471412": [
                9.318485420461952,
                199190
            ],
            "1742062838.4768608": [
                7.082900790304973,
                232
            ],
            "1742062838.6918101": [
                7.30463529225462,
                161
            ],
            "1742062841.4959855": [
                10.544432684615417,
                91
            ],
            "1742062841.706328": [
                10.318682143976403,
                91
            ],
            "1742062844.5234156": [
                13.136126491758558,
                18
            ],
            "1742062844.7442977": [
                13.349768161773682,
                2
            ],
            "1742062847.5414178": [
                16.14199097951253,
                3
            ],
            "1742062847.7628791": [
                16.38037546475728,
                30
            ],
            "1742062850.5600154": [
                19.16918557030814,
                70
            ],
            "1742062853.5790482": [
                22.177300313244693,
                92
            ]
        }
    }
}