{
    "parameters": {
        "mq_type": "kafka",
        "broker_address": "35.209.251.221",
        "topic": "test-throughput_scaling",
        "num_producers": 40,
        "num_consumers": 34,
        "messages_per_producer": 5000,
        "log_interval": 100,
        "message_size": 100,
        "remote_ips": [
            "35.209.251.221",
            "35.239.56.104",
            "35.208.205.25"
        ]
    },
    "summary": {
        "total_messages_produced": 200000,
        "producer_avg_throughput": 85598.14563038241,
        "consumer_avg_throughput": 881.531730129438,
        "consumer_avg_latency": 4.371133195988396,
        "consumer_p99_latency": 5.3283365754520196,
        "consumer_cold_start_latency": 4.35210315844592,
        "remote_servers": [
            {
                "ip": "35.209.251.221",
                "avg_cpu": 0.078,
                "avg_mem_mb": 642.44,
                "samples_count": 0
            },
            {
                "ip": "35.239.56.104",
                "avg_cpu": 0.102,
                "avg_mem_mb": 631.96,
                "samples_count": 0
            },
            {
                "ip": "35.208.205.25",
                "avg_cpu": 0.06,
                "avg_mem_mb": 624.83,
                "samples_count": 0
            }
        ],
        "remote_avg_cpu": 0.08,
        "remote_avg_mem_mb": 633.08,
        "merged_t2latencies": {
            "1742063011.5598137": [
                7.6939167609845525,
                199168
            ],
            "1742063014.406333": [
                7.213535308837891,
                255
            ],
            "1742063014.601458": [
                7.3747747151748,
                92
            ],
            "1742063017.441828": [
                10.18676973601519,
                118
            ],
            "1742063017.6170728": [
                10.422376894288591,
                144
            ],
            "1742063020.463032": [
                13.20728249281225,
                71
            ],
            "1742063020.6960652": [
                13.440079927444458,
                6
            ],
            "1742063023.4859715": [
                16.243533841494855,
                29
            ],
            "1742063023.7405808": [
                16.499228715896606,
                1
            ],
            "1742063026.5016983": [
                19.233453285403368,
                41
            ],
            "1742063029.523857": [
                22.282533089319866,
                3
            ],
            "1742063029.695789": [
                22.457881444378902,
                38
            ],
            "1742063032.7189617": [
                25.478954813697122,
                22
            ]
        }
    }
}