{
    "parameters": {
        "mq_type": "kafka",
        "broker_address": "35.209.251.221",
        "topic": "test-throughput_scaling",
        "num_producers": 40,
        "num_consumers": 34,
        "messages_per_producer": 10000,
        "log_interval": 100,
        "message_size": 100,
        "remote_ips": [
            "35.209.251.221",
            "35.239.56.104",
            "35.208.205.25"
        ]
    },
    "summary": {
        "total_messages_produced": 400000,
        "producer_avg_throughput": 151739.78910276876,
        "consumer_avg_throughput": 2147.7015097147973,
        "consumer_avg_latency": 3.385518600755347,
        "consumer_p99_latency": 3.5704640991547527,
        "consumer_cold_start_latency": 3.3505064585629634,
        "remote_servers": [
            {
                "ip": "35.209.251.221",
                "avg_cpu": 0.088,
                "avg_mem_mb": 636.42,
                "samples_count": 0
            },
            {
                "ip": "35.239.56.104",
                "avg_cpu": 0.111,
                "avg_mem_mb": 635.39,
                "samples_count": 0
            },
            {
                "ip": "35.208.205.25",
                "avg_cpu": 0.056,
                "avg_mem_mb": 624.38,
                "samples_count": 0
            }
        ],
        "remote_avg_cpu": 0.085,
        "remote_avg_mem_mb": 632.06,
        "merged_t2latencies": {
            "1742063103.682819": [
                9.372528789724415,
                398834
            ],
            "1742063106.5072842": [
                6.141794825479181,
                217
            ],
            "1742063106.7183883": [
                6.373340679049956,
                257
            ],
            "1742063109.5494864": [
                9.184655885124924,
                267
            ],
            "1742063112.5818663": [
                12.85584512933508,
                77
            ],
            "1742063112.762862": [
                12.408104032278061,
                24
            ],
            "1742063115.611658": [
                15.269379692811233,
                65
            ],
            "1742063115.8142834": [
                15.43887220110212,
                7
            ],
            "1742063118.6264436": [
                18.286161686244764,
                19
            ],
            "1742063118.8352292": [
                18.457486049548994,
                37
            ],
            "1742063121.644612": [
                21.30171078237994,
                58
            ],
            "1742063124.6595569": [
                24.297158117647523,
                27
            ],
            "1742063124.8702993": [
                24.50301477552831,
                87
            ]
        }
    }
}