{
    "parameters": {
        "mq_type": "kafka",
        "broker_address": "35.209.251.221",
        "topic": "test-throughput_scaling",
        "num_producers": 40,
        "num_consumers": 35,
        "messages_per_producer": 5000,
        "log_interval": 100,
        "message_size": 100,
        "remote_ips": [
            "35.209.251.221",
            "35.239.56.104",
            "35.208.205.25"
        ]
    },
    "summary": {
        "total_messages_produced": 200000,
        "producer_avg_throughput": 102986.51524441074,
        "consumer_avg_throughput": 923.9292129527548,
        "consumer_avg_latency": 4.355067103266377,
        "consumer_p99_latency": 5.7826511178697855,
        "consumer_cold_start_latency": 4.323576285089766,
        "remote_servers": [
            {
                "ip": "35.209.251.221",
                "avg_cpu": 0.086,
                "avg_mem_mb": 643.59,
                "samples_count": 0
            },
            {
                "ip": "35.239.56.104",
                "avg_cpu": 0.084,
                "avg_mem_mb": 622.81,
                "samples_count": 0
            },
            {
                "ip": "35.208.205.25",
                "avg_cpu": 0.022,
                "avg_mem_mb": 611.43,
                "samples_count": 0
            }
        ],
        "remote_avg_cpu": 0.064,
        "remote_avg_mem_mb": 625.94,
        "merged_t2latencies": {
            "1742063197.2549975": [
                8.228451445657969,
                198853
            ],
            "1742063200.084668": [
                7.110252861391033,
                285
            ],
            "1742063200.2877321": [
                7.352592621583205,
                325
            ],
            "1742063203.1125238": [
                10.141080751138574,
                34
            ],
            "1742063206.1319578": [
                13.348891613257193,
                137
            ],
            "1742063209.1472821": [
                16.17214079538981,
                75
            ],
            "1742063209.3958175": [
                16.415708962849216,
                175
            ],
            "1742063212.4223647": [
                19.441380610626737,
                89
            ],
            "1742063215.1815102": [
                22.15465795993805,
                4
            ],
            "1742063218.2022705": [
                25.17908054131728,
                13
            ]
        }
    }
}