{
    "parameters": {
        "mq_type": "kafka",
        "broker_address": "35.209.251.221",
        "topic": "test-throughput_scaling",
        "num_producers": 40,
        "num_consumers": 35,
        "messages_per_producer": 10000,
        "log_interval": 100,
        "message_size": 100,
        "remote_ips": [
            "35.209.251.221",
            "35.239.56.104",
            "35.208.205.25"
        ]
    },
    "summary": {
        "total_messages_produced": 400000,
        "producer_avg_throughput": 154284.7705042436,
        "consumer_avg_throughput": 2771.8673290725337,
        "consumer_avg_latency": 2.886154767681201,
        "consumer_p99_latency": 3.39254196030753,
        "consumer_cold_start_latency": 2.86054954283578,
        "remote_servers": [
            {
                "ip": "35.209.251.221",
                "avg_cpu": 0.101,
                "avg_mem_mb": 646.62,
                "samples_count": 0
            },
            {
                "ip": "35.239.56.104",
                "avg_cpu": 0.118,
                "avg_mem_mb": 636.62,
                "samples_count": 0
            },
            {
                "ip": "35.208.205.25",
                "avg_cpu": 0.018,
                "avg_mem_mb": 603.99,
                "samples_count": 0
            }
        ],
        "remote_avg_cpu": 0.079,
        "remote_avg_mem_mb": 629.08,
        "merged_t2latencies": {
            "1742063288.9763808": [
                7.843988715995576,
                398618
            ],
            "1742063291.8019288": [
                5.833431294063725,
                480
            ],
            "1742063292.0254967": [
                5.864765966790064,
                280
            ],
            "1742063294.8285055": [
                8.848743684513053,
                97
            ],
            "1742063295.0423553": [
                8.897095880508424,
                75
            ],
            "1742063297.8580315": [
                11.674555169211496,
                144
            ],
            "1742063298.0633981": [
                11.905900076944,
                98
            ],
            "1742063300.8634517": [
                14.696117237432679,
                67
            ],
            "1742063301.0862021": [
                14.947856058677038,
                24
            ],
            "1742063303.9024286": [
                17.739734759330755,
                50
            ],
            "1742063306.9175222": [
                20.754191292093157,
                47
            ]
        }
    }
}