{
    "parameters": {
        "mq_type": "kafka",
        "broker_address": "35.209.251.221",
        "topic": "test-throughput_scaling",
        "num_producers": 40,
        "num_consumers": 36,
        "messages_per_producer": 5000,
        "log_interval": 100,
        "message_size": 100,
        "remote_ips": [
            "35.209.251.221",
            "35.239.56.104",
            "35.208.205.25"
        ]
    },
    "summary": {
        "total_messages_produced": 200000,
        "producer_avg_throughput": 99054.91363198169,
        "consumer_avg_throughput": 919.0836157065328,
        "consumer_avg_latency": 4.373994320335954,
        "consumer_p99_latency": 5.2688144776556225,
        "consumer_cold_start_latency": 4.343691524797017,
        "remote_servers": [
            {
                "ip": "35.209.251.221",
                "avg_cpu": 0.081,
                "avg_mem_mb": 641.84,
                "samples_count": 0
            },
            {
                "ip": "35.239.56.104",
                "avg_cpu": 0.092,
                "avg_mem_mb": 642.27,
                "samples_count": 0
            },
            {
                "ip": "35.208.205.25",
                "avg_cpu": 0.052,
                "avg_mem_mb": 620.49,
                "samples_count": 0
            }
        ],
        "remote_avg_cpu": 0.075,
        "remote_avg_mem_mb": 634.87,
        "merged_t2latencies": {
            "1742063379.075406": [
                8.689700303584319,
                198925
            ],
            "1742063381.953317": [
                7.192135080285029,
                327
            ],
            "1742063382.118463": [
                7.361098795436149,
                172
            ],
            "1742063384.9912004": [
                10.233571457463267,
                179
            ],
            "1742063385.1326613": [
                10.35823196172714,
                24
            ],
            "1742063388.0131528": [
                13.25019581763299,
                91
            ],
            "1742063388.1537342": [
                13.405763086591447,
                175
            ],
            "1742063391.044362": [
                16.279444052622868,
                13
            ],
            "1742063394.0544245": [
                19.276386592446304,
                41
            ],
            "1742063397.0713134": [
                22.300656129573955,
                29
            ],
            "1742063397.248636": [
                22.47042006254196,
                4
            ]
        }
    }
}