{
    "parameters": {
        "mq_type": "kafka",
        "broker_address": "35.209.251.221",
        "topic": "test-throughput_scaling",
        "num_producers": 40,
        "num_consumers": 36,
        "messages_per_producer": 10000,
        "log_interval": 100,
        "message_size": 100,
        "remote_ips": [
            "35.209.251.221",
            "35.239.56.104",
            "35.208.205.25"
        ]
    },
    "summary": {
        "total_messages_produced": 400000,
        "producer_avg_throughput": 154473.22059766197,
        "consumer_avg_throughput": 1744.5321658147031,
        "consumer_avg_latency": 4.388704282123864,
        "consumer_p99_latency": 5.206405176056756,
        "consumer_cold_start_latency": 4.352332102855047,
        "remote_servers": [
            {
                "ip": "35.209.251.221",
                "avg_cpu": 0.088,
                "avg_mem_mb": 642.29,
                "samples_count": 0
            },
            {
                "ip": "35.239.56.104",
                "avg_cpu": 0.101,
                "avg_mem_mb": 633.2,
                "samples_count": 0
            },
            {
                "ip": "35.208.205.25",
                "avg_cpu": 0.058,
                "avg_mem_mb": 622.15,
                "samples_count": 0
            }
        ],
        "remote_avg_cpu": 0.0823,
        "remote_avg_mem_mb": 632.55,
        "merged_t2latencies": {
            "1742063469.2995381": [
                11.800219511116605,
                398481
            ],
            "1742063472.131548": [
                7.153130821898915,
                489
            ],
            "1742063472.3382518": [
                7.350242724690412,
                193
            ],
            "1742063475.1644797": [
                10.191842111642812,
                345
            ],
            "1742063475.3581245": [
                10.352634363536593,
                158
            ],
            "1742063478.1812391": [
                13.179500301260697,
                95
            ],
            "1742063478.3916717": [
                13.417443529764812,
                15
            ],
            "1742063481.2021637": [
                16.214844634390275,
                117
            ],
            "1742063484.2212646": [
                19.223444274493627,
                14
            ],
            "1742063487.245985": [
                22.278065061569215,
                20
            ],
            "1742063490.2667358": [
                25.264586333185434,
                64
            ],
            "1742063490.4444816": [
                25.445965623855592,
                5
            ]
        }
    }
}