{
    "parameters": {
        "mq_type": "kafka",
        "broker_address": "35.209.251.221",
        "topic": "test-throughput_scaling",
        "num_producers": 40,
        "num_consumers": 37,
        "messages_per_producer": 5000,
        "log_interval": 100,
        "message_size": 100,
        "remote_ips": [
            "35.209.251.221",
            "35.239.56.104",
            "35.208.205.25"
        ]
    },
    "summary": {
        "total_messages_produced": 200000,
        "producer_avg_throughput": 103607.77935760916,
        "consumer_avg_throughput": 1640.9425785688875,
        "consumer_avg_latency": 2.494414636571786,
        "consumer_p99_latency": 3.138526033710789,
        "consumer_cold_start_latency": 2.4714157760465465,
        "remote_servers": [
            {
                "ip": "35.209.251.221",
                "avg_cpu": 0.1,
                "avg_mem_mb": 641.92,
                "samples_count": 0
            },
            {
                "ip": "35.239.56.104",
                "avg_cpu": 0.096,
                "avg_mem_mb": 637.59,
                "samples_count": 0
            },
            {
                "ip": "35.208.205.25",
                "avg_cpu": 0.018,
                "avg_mem_mb": 602.3,
                "samples_count": 0
            }
        ],
        "remote_avg_cpu": 0.0713,
        "remote_avg_mem_mb": 627.27,
        "merged_t2latencies": {
            "1742063561.2391932": [
                5.914264015926528,
                199031
            ],
            "1742063564.0919576": [
                5.368583166836114,
                302
            ],
            "1742063564.2756357": [
                5.529333199425969,
                343
            ],
            "1742063567.1153889": [
                8.310391035165875,
                111
            ],
            "1742063567.3039732": [
                8.51892125729433,
                97
            ],
            "1742063570.1397762": [
                11.344472169876099,
                6
            ],
            "1742063570.3389606": [
                11.539752780174723,
                49
            ],
            "1742063573.1780431": [
                14.382227625165667,
                7
            ],
            "1742063573.3654845": [
                14.557125329971313,
                39
            ]
        }
    }
}