{
    "parameters": {
        "mq_type": "kafka",
        "broker_address": "35.209.251.221",
        "topic": "test-throughput_scaling",
        "num_producers": 40,
        "num_consumers": 37,
        "messages_per_producer": 10000,
        "log_interval": 100,
        "message_size": 100,
        "remote_ips": [
            "35.209.251.221",
            "35.239.56.104",
            "35.208.205.25"
        ]
    },
    "summary": {
        "total_messages_produced": 400000,
        "producer_avg_throughput": 147223.1114405899,
        "consumer_avg_throughput": 1789.931499515686,
        "consumer_avg_latency": 4.268350128798818,
        "consumer_p99_latency": 5.235214774673049,
        "consumer_cold_start_latency": 4.240612555581172,
        "remote_servers": [
            {
                "ip": "35.209.251.221",
                "avg_cpu": 0.082,
                "avg_mem_mb": 635.49,
                "samples_count": 0
            },
            {
                "ip": "35.239.56.104",
                "avg_cpu": 0.113,
                "avg_mem_mb": 629.51,
                "samples_count": 0
            },
            {
                "ip": "35.208.205.25",
                "avg_cpu": 0.022,
                "avg_mem_mb": 614.26,
                "samples_count": 0
            }
        ],
        "remote_avg_cpu": 0.0723,
        "remote_avg_mem_mb": 626.42,
        "merged_t2latencies": {
            "1742063645.0053117": [
                11.921702017436763,
                398551
            ],
            "1742063647.8512015": [
                7.059014619812172,
                379
            ],
            "1742063648.0400584": [
                7.232182024995944,
                261
            ],
            "1742063650.8799615": [
                10.08518671989441,
                16
            ],
            "1742063651.06697": [
                10.268501102924343,
                212
            ],
            "1742063653.894357": [
                13.08835421427332,
                198
            ],
            "1742063654.0928655": [
                13.28843947757374,
                55
            ],
            "1742063656.919373": [
                16.11258852481842,
                64
            ],
            "1742063657.113596": [
                16.29221714626659,
                11
            ],
            "1742063659.9281232": [
                19.124758773995925,
                129
            ],
            "1742063663.1496434": [
                22.345857524871825,
                80
            ],
            "1742063665.9612274": [
                25.112274612699235,
                14
            ]
        }
    }
}