{
    "parameters": {
        "mq_type": "kafka",
        "broker_address": "35.209.251.221",
        "topic": "test-throughput_scaling",
        "num_producers": 40,
        "num_consumers": 38,
        "messages_per_producer": 10000,
        "log_interval": 100,
        "message_size": 100,
        "remote_ips": [
            "35.209.251.221",
            "35.239.56.104",
            "35.208.205.25"
        ]
    },
    "summary": {
        "total_messages_produced": 400000,
        "producer_avg_throughput": 157176.2489200537,
        "consumer_avg_throughput": 1684.9480886332294,
        "consumer_avg_latency": 4.328575544296883,
        "consumer_p99_latency": 5.5031092166900635,
        "consumer_cold_start_latency": 4.297944103793093,
        "remote_servers": [
            {
                "ip": "35.209.251.221",
                "avg_cpu": 0.108,
                "avg_mem_mb": 648.53,
                "samples_count": 0
            },
            {
                "ip": "35.239.56.104",
                "avg_cpu": 0.107,
                "avg_mem_mb": 631.92,
                "samples_count": 0
            },
            {
                "ip": "35.208.205.25",
                "avg_cpu": 0.02,
                "avg_mem_mb": 597.41,
                "samples_count": 0
            }
        ],
        "remote_avg_cpu": 0.0783,
        "remote_avg_mem_mb": 625.95,
        "merged_t2latencies": {
            "1742063828.5817292": [
                11.527592510388716,
                398159
            ],
            "1742063831.406277": [
                7.090125025472333,
                310
            ],
            "1742063831.6228733": [
                7.2998252192332975,
                447
            ],
            "1742063834.4275415": [
                10.111116468906403,
                156
            ],
            "1742063834.6414955": [
                10.315420671222137,
                388
            ],
            "1742063837.4463737": [
                13.102997677235662,
                79
            ],
            "1742063837.659315": [
                13.340112802055147,
                72
            ],
            "1742063840.471649": [
                16.127938935631196,
                95
            ],
            "1742063843.4842713": [
                19.15637883387114,
                76
            ],
            "1742063843.7120867": [
                19.377023711800568,
                192
            ],
            "1742063846.7403843": [
                22.396026168550765,
                14
            ]
        }
    }
}