{
    "parameters": {
        "mq_type": "kafka",
        "broker_address": "35.209.251.221",
        "topic": "test-throughput_scaling",
        "num_producers": 40,
        "num_consumers": 38,
        "messages_per_producer": 5000,
        "log_interval": 100,
        "message_size": 100,
        "remote_ips": [
            "35.209.251.221",
            "35.239.56.104",
            "35.208.205.25"
        ]
    },
    "summary": {
        "total_messages_produced": 200000,
        "producer_avg_throughput": 96669.86763480108,
        "consumer_avg_throughput": 840.2737769635402,
        "consumer_avg_latency": 4.41652627078512,
        "consumer_p99_latency": 5.799176140835411,
        "consumer_cold_start_latency": 4.378997853806143,
        "remote_servers": [
            {
                "ip": "35.209.251.221",
                "avg_cpu": 0.084,
                "avg_mem_mb": 649.15,
                "samples_count": 0
            },
            {
                "ip": "35.239.56.104",
                "avg_cpu": 0.091,
                "avg_mem_mb": 636.32,
                "samples_count": 0
            },
            {
                "ip": "35.208.205.25",
                "avg_cpu": 0.062,
                "avg_mem_mb": 617.51,
                "samples_count": 0
            }
        ],
        "remote_avg_cpu": 0.079,
        "remote_avg_mem_mb": 634.33,
        "merged_t2latencies": {
            "1742063738.7334652": [
                7.810008667120957,
                198967
            ],
            "1742063741.5807621": [
                7.203937960909559,
                462
            ],
            "1742063741.7738883": [
                7.407599555685165,
                94
            ],
            "1742063744.6262033": [
                10.247760310615462,
                97
            ],
            "1742063744.8379543": [
                10.450094223022461,
                3
            ],
            "1742063747.649014": [
                13.262293356568065,
                67
            ],
            "1742063747.8534203": [
                13.465346197824221,
                74
            ],
            "1742063750.6674554": [
                16.28515210114126,
                127
            ],
            "1742063750.8376236": [
                16.44708387766565,
                56
            ],
            "1742063753.7094498": [
                19.344630638758343,
                6
            ],
            "1742063756.709442": [
                22.31407684438369,
                34
            ],
            "1742063756.9145849": [
                22.527928488595144,
                7
            ]
        }
    }
}