{
    "parameters": {
        "mq_type": "kafka",
        "broker_address": "35.209.251.221",
        "topic": "test-throughput_scaling",
        "num_producers": 40,
        "num_consumers": 39,
        "messages_per_producer": 5000,
        "log_interval": 100,
        "message_size": 100,
        "remote_ips": [
            "35.209.251.221",
            "35.239.56.104",
            "35.208.205.25"
        ]
    },
    "summary": {
        "total_messages_produced": 200000,
        "producer_avg_throughput": 104126.7603011364,
        "consumer_avg_throughput": 872.7228479712738,
        "consumer_avg_latency": 4.350740369592763,
        "consumer_p99_latency": 5.563639133404463,
        "consumer_cold_start_latency": 4.32919689325186,
        "remote_servers": [
            {
                "ip": "35.209.251.221",
                "avg_cpu": 0.087,
                "avg_mem_mb": 644.08,
                "samples_count": 0
            },
            {
                "ip": "35.239.56.104",
                "avg_cpu": 0.09,
                "avg_mem_mb": 637.77,
                "samples_count": 0
            },
            {
                "ip": "35.208.205.25",
                "avg_cpu": 0.019,
                "avg_mem_mb": 599.07,
                "samples_count": 0
            }
        ],
        "remote_avg_cpu": 0.0653,
        "remote_avg_mem_mb": 626.97,
        "merged_t2latencies": {
            "1742063919.220653": [
                8.969135342622042,
                198800
            ],
            "1742063922.022421": [
                7.1057805914937715,
                405
            ],
            "1742063922.2556539": [
                7.35849832115373,
                382
            ],
            "1742063925.0489686": [
                10.12936832354619,
                78
            ],
            "1742063925.2779484": [
                10.382596646285641,
                205
            ],
            "1742063928.073565": [
                13.154813282417528,
                33
            ],
            "1742063931.1171725": [
                16.19808864593506,
                1
            ],
            "1742063931.3164728": [
                16.383217414220177,
                12
            ],
            "1742063934.3352911": [
                19.39711755163529,
                68
            ],
            "1742063937.3487823": [
                22.40756826400757,
                5
            ],
            "1742063940.3669686": [
                25.42556707064311,
                3
            ]
        }
    }
}