{
    "parameters": {
        "mq_type": "kafka",
        "broker_address": "35.209.251.221",
        "topic": "test-throughput_scaling",
        "num_producers": 40,
        "num_consumers": 39,
        "messages_per_producer": 10000,
        "log_interval": 100,
        "message_size": 100,
        "remote_ips": [
            "35.209.251.221",
            "35.239.56.104",
            "35.208.205.25"
        ]
    },
    "summary": {
        "total_messages_produced": 400000,
        "producer_avg_throughput": 160630.81898641985,
        "consumer_avg_throughput": 2010.95861559794,
        "consumer_avg_latency": 3.4476154254810294,
        "consumer_p99_latency": 4.193052353003086,
        "consumer_cold_start_latency": 3.4261930326315073,
        "remote_servers": [
            {
                "ip": "35.209.251.221",
                "avg_cpu": 0.088,
                "avg_mem_mb": 652.89,
                "samples_count": 0
            },
            {
                "ip": "35.239.56.104",
                "avg_cpu": 0.104,
                "avg_mem_mb": 627.79,
                "samples_count": 0
            },
            {
                "ip": "35.208.205.25",
                "avg_cpu": 0.054,
                "avg_mem_mb": 618.92,
                "samples_count": 0
            }
        ],
        "remote_avg_cpu": 0.082,
        "remote_avg_mem_mb": 633.2,
        "merged_t2latencies": {
            "1742064011.256136": [
                7.893570400650761,
                397879
            ],
            "1742064014.090536": [
                6.483742842606274,
                982
            ],
            "1742064014.3107808": [
                6.445427016801731,
                465
            ],
            "1742064017.1330414": [
                9.251023435399604,
                247
            ],
            "1742064017.3209474": [
                9.435902034794841,
                54
            ],
            "1742064020.1599343": [
                12.275293191758594,
                164
            ],
            "1742064020.3773162": [
                12.476875868710605,
                33
            ],
            "1742064023.1867578": [
                15.306108291332539,
                26
            ],
            "1742064023.3972452": [
                15.501498734951019,
                40
            ],
            "1742064026.2082376": [
                18.310892352351434,
                27
            ],
            "1742064029.2231734": [
                21.338968813419342,
                24
            ],
            "1742064029.4333677": [
                21.544545323760424,
                27
            ],
            "1742064032.2481852": [
                24.356848299503326,
                16
            ]
        }
    }
}