{
    "parameters": {
        "mq_type": "kafka",
        "broker_address": "35.209.251.221",
        "topic": "test-throughput_scaling",
        "num_producers": 40,
        "num_consumers": 3,
        "messages_per_producer": 10000,
        "log_interval": 100,
        "message_size": 100,
        "remote_ips": [
            "35.209.251.221",
            "35.239.56.104",
            "35.208.205.25"
        ]
    },
    "summary": {
        "total_messages_produced": 400000,
        "producer_avg_throughput": 153943.0692331161,
        "consumer_avg_throughput": 25456.001602451204,
        "consumer_avg_latency": 2.808165597644567,
        "consumer_p99_latency": 3.6043954690297446,
        "consumer_cold_start_latency": 2.6104921801884973,
        "remote_servers": [
            {
                "ip": "35.209.251.221",
                "avg_cpu": 0.089,
                "avg_mem_mb": 643.25,
                "samples_count": 0
            },
            {
                "ip": "35.239.56.104",
                "avg_cpu": 0.104,
                "avg_mem_mb": 614.75,
                "samples_count": 0
            },
            {
                "ip": "35.208.205.25",
                "avg_cpu": 0.04,
                "avg_mem_mb": 608.1,
                "samples_count": 0
            }
        ],
        "remote_avg_cpu": 0.0777,
        "remote_avg_mem_mb": 622.03,
        "merged_t2latencies": {
            "1742023888.3874462": [
                2.519548490858428,
                26139
            ],
            "1742023888.487448": [
                2.7773736971293324,
                40139
            ],
            "1742023888.5874484": [
                3.1332409249355524,
                87551
            ],
            "1742023888.6874487": [
                3.284822522450916,
                94178
            ],
            "1742023888.7874496": [
                3.2197744401142003,
                72848
            ],
            "1742023888.8874502": [
                3.21588323619662,
                60301
            ],
            "1742023888.9874523": [
                3.1025210171783435,
                13510
            ],
            "1742023889.4517896": [
                3.4854829387758817,
                1623
            ],
            "1742023889.6376736": [
                3.9608154411310466,
                3521
            ],
            "1742023891.1722353": [
                5.207309746742249,
                40
            ],
            "1742023894.2016878": [
                8.235944683919824,
                149
            ]
        }
    }
}