{
    "parameters": {
        "mq_type": "kafka",
        "broker_address": "35.209.251.221",
        "topic": "test-throughput_scaling",
        "num_producers": 40,
        "num_consumers": 40,
        "messages_per_producer": 50000,
        "log_interval": 100,
        "message_size": 100,
        "remote_ips": [
            "35.209.251.221",
            "35.239.56.104",
            "35.208.205.25"
        ]
    },
    "summary": {
        "total_messages_produced": 2000000,
        "producer_avg_throughput": 1919221.8974942563,
        "consumer_avg_throughput": 12770.023847327524,
        "consumer_avg_latency": 2.2344305705864427,
        "consumer_p99_latency": 2.6941552460193634,
        "consumer_cold_start_latency": 2.179238396644593,
        "remote_servers": [
            {
                "ip": "35.209.251.221",
                "avg_cpu": 0.0771,
                "avg_mem_mb": 1340.72,
                "samples_count": 18
            },
            {
                "ip": "35.239.56.104",
                "avg_cpu": 0.0706,
                "avg_mem_mb": 1333.36,
                "samples_count": 19
            },
            {
                "ip": "35.208.205.25",
                "avg_cpu": 0.0657,
                "avg_mem_mb": 1301.14,
                "samples_count": 20
            }
        ],
        "remote_avg_cpu": 0.0711,
        "remote_avg_mem_mb": 1325.07
    }
}