{
    "parameters": {
        "mq_type": "kafka",
        "broker_address": "35.209.251.221",
        "topic": "test-throughput_scaling",
        "num_producers": 40,
        "num_consumers": 40,
        "messages_per_producer": 5000000,
        "log_interval": 100,
        "message_size": 100,
        "remote_ips": [
            "35.209.251.221",
            "35.239.56.104",
            "35.208.205.25"
        ]
    },
    "summary": {
        "total_messages_produced": 200000000,
        "producer_avg_throughput": 1021910.7426565572,
        "consumer_avg_throughput": 25285.82522472229,
        "consumer_avg_latency": 1.1687627353370034,
        "consumer_p99_latency": 4.350728213787079,
        "consumer_cold_start_latency": 2.221756530046463,
        "remote_servers": [
            {
                "ip": "35.209.251.221",
                "avg_cpu": 0.8253,
                "avg_mem_mb": 1397.7,
                "samples_count": 210
            },
            {
                "ip": "35.239.56.104",
                "avg_cpu": 0.8666,
                "avg_mem_mb": 1372.79,
                "samples_count": 210
            },
            {
                "ip": "35.208.205.25",
                "avg_cpu": 0.8269,
                "avg_mem_mb": 1339.75,
                "samples_count": 211
            }
        ],
        "remote_avg_cpu": 0.8396,
        "remote_avg_mem_mb": 1370.08
    }
}