{
    "parameters": {
        "mq_type": "kafka",
        "broker_address": "35.209.251.221",
        "topic": "test-throughput_scaling",
        "num_producers": 40,
        "num_consumers": 40,
        "messages_per_producer": 10000,
        "log_interval": 100,
        "message_size": 100,
        "remote_ips": [
            "35.209.251.221",
            "35.239.56.104",
            "35.208.205.25"
        ]
    },
    "summary": {
        "total_messages_produced": 400000,
        "producer_avg_throughput": 150580.50428965368,
        "consumer_avg_throughput": 1634.2219690516736,
        "consumer_avg_latency": 4.331738758093119,
        "consumer_p99_latency": 5.154068207740783,
        "consumer_cold_start_latency": 4.306907036662102,
        "remote_servers": [
            {
                "ip": "35.209.251.221",
                "avg_cpu": 0.109,
                "avg_mem_mb": 659.52,
                "samples_count": 0
            },
            {
                "ip": "35.239.56.104",
                "avg_cpu": 0.098,
                "avg_mem_mb": 630.87,
                "samples_count": 0
            },
            {
                "ip": "35.208.205.25",
                "avg_cpu": 0.02,
                "avg_mem_mb": 613.61,
                "samples_count": 0
            }
        ],
        "remote_avg_cpu": 0.0757,
        "remote_avg_mem_mb": 634.67,
        "merged_t2latencies": {
            "1742064192.4421926": [
                11.677330434817616,
                398629
            ],
            "1742064195.26621": [
                7.0993845134753855,
                407
            ],
            "1742064195.48546": [
                7.320304460614641,
                107
            ],
            "1742064198.2869327": [
                10.103515605281167,
                133
            ],
            "1742064198.5038247": [
                10.352693877291319,
                335
            ],
            "1742064201.3063693": [
                13.11559602376577,
                37
            ],
            "1742064201.5047443": [
                14.552541296458939,
                206
            ],
            "1742064204.3340576": [
                16.167765257093656,
                90
            ],
            "1742064204.6012414": [
                16.416510476006398,
                18
            ],
            "1742064207.5805774": [
                19.39525866508484,
                3
            ],
            "1742064210.3700237": [
                22.183954624029305,
                13
            ],
            "1742064213.3864937": [
                25.198566989465192,
                22
            ]
        }
    }
}