{
    "parameters": {
        "mq_type": "kafka",
        "broker_address": "35.209.251.221",
        "topic": "test-throughput_scaling",
        "num_producers": 40,
        "num_consumers": 40,
        "messages_per_producer": 5000,
        "log_interval": 100,
        "message_size": 100,
        "remote_ips": [
            "35.209.251.221",
            "35.239.56.104",
            "35.208.205.25"
        ]
    },
    "summary": {
        "total_messages_produced": 200000,
        "producer_avg_throughput": 91354.69144434063,
        "consumer_avg_throughput": 1210.5144928955867,
        "consumer_avg_latency": 2.6280999393105513,
        "consumer_p99_latency": 3.8500545740127565,
        "consumer_cold_start_latency": 2.5958848946094504,
        "remote_servers": [
            {
                "ip": "35.209.251.221",
                "avg_cpu": 0.081,
                "avg_mem_mb": 639.34,
                "samples_count": 0
            },
            {
                "ip": "35.239.56.104",
                "avg_cpu": 0.118,
                "avg_mem_mb": 638.8,
                "samples_count": 0
            },
            {
                "ip": "35.208.205.25",
                "avg_cpu": 0.027,
                "avg_mem_mb": 594.5,
                "samples_count": 0
            }
        ],
        "remote_avg_cpu": 0.0753,
        "remote_avg_mem_mb": 624.22,
        "merged_t2latencies": {
            "1742064102.9494562": [
                5.202711379685968,
                119406
            ],
            "1742064103.0520732": [
                3.531304267798898,
                79458
            ],
            "1742064105.7690976": [
                5.439247429259884,
                537
            ],
            "1742064106.1182384": [
                5.714738540482103,
                114
            ],
            "1742064108.8021748": [
                8.386082121304101,
                126
            ],
            "1742064109.013516": [
                8.578474685549738,
                48
            ],
            "1742064109.1549115": [
                8.73637421925863,
                69
            ],
            "1742064111.8351982": [
                11.418167624292495,
                158
            ],
            "1742064112.0326204": [
                11.59939792752266,
                8
            ],
            "1742064114.8533204": [
                14.447524513517108,
                56
            ],
            "1742064117.8700025": [
                17.447934851926917,
                17
            ],
            "1742064118.156512": [
                17.74002194404602,
                1
            ],
            "1742064121.2068565": [
                20.79010534286499,
                2
            ]
        }
    }
}