{
    "parameters": {
        "mq_type": "kafka",
        "broker_address": "35.209.251.221",
        "topic": "test-throughput_scaling",
        "num_producers": 40,
        "num_consumers": 40,
        "messages_per_producer": 1000000,
        "log_interval": 100,
        "message_size": 100,
        "remote_ips": [
            "35.209.251.221",
            "35.239.56.104",
            "35.208.205.25"
        ]
    },
    "summary": {
        "total_messages_produced": 40000000,
        "producer_avg_throughput": 1068848.7609241824,
        "consumer_avg_throughput": 25156.42004564539,
        "consumer_avg_latency": 2.4724146770933983,
        "consumer_p99_latency": 4.2385438144207,
        "consumer_cold_start_latency": 2.2424239230155947,
        "remote_servers": [
            {
                "ip": "35.209.251.221",
                "avg_cpu": 0.566,
                "avg_mem_mb": 1345.93,
                "samples_count": 60
            },
            {
                "ip": "35.239.56.104",
                "avg_cpu": 0.5591,
                "avg_mem_mb": 1316.21,
                "samples_count": 60
            },
            {
                "ip": "35.208.205.25",
                "avg_cpu": 0.576,
                "avg_mem_mb": 1294.82,
                "samples_count": 61
            }
        ],
        "remote_avg_cpu": 0.567,
        "remote_avg_mem_mb": 1318.99
    }
}