{
    "parameters": {
        "mq_type": "kafka",
        "broker_address": "35.209.251.221",
        "topic": "test-throughput_scaling",
        "num_producers": 40,
        "num_consumers": 40,
        "messages_per_producer": 50000,
        "log_interval": 100,
        "message_size": 100,
        "remote_ips": [
            "35.209.251.221",
            "35.239.56.104",
            "35.208.205.25"
        ]
    },
    "summary": {
        "total_messages_produced": 2000000,
        "producer_avg_throughput": 1921304.5967797348,
        "consumer_avg_throughput": 13937.783845027672,
        "consumer_avg_latency": 2.154309687294483,
        "consumer_p99_latency": 2.5585025370121004,
        "consumer_cold_start_latency": 2.180546355009079,
        "remote_servers": [
            {
                "ip": "35.209.251.221",
                "avg_cpu": 0.0738,
                "avg_mem_mb": 1409.56,
                "samples_count": 18
            },
            {
                "ip": "35.239.56.104",
                "avg_cpu": 0.077,
                "avg_mem_mb": 1425.21,
                "samples_count": 18
            },
            {
                "ip": "35.208.205.25",
                "avg_cpu": 0.1085,
                "avg_mem_mb": 1358.81,
                "samples_count": 19
            }
        ],
        "remote_avg_cpu": 0.0864,
        "remote_avg_mem_mb": 1397.86
    }
}