{
    "parameters": {
        "mq_type": "kafka",
        "broker_address": "35.209.251.221:9092,35.239.56.104:9092,35.208.205.25:9092",
        "topic": "test-throughput_resources",
        "num_producers": 10,
        "num_consumers": 5,
        "messages_per_producer": 5000,
        "log_interval": 1000,
        "message_size": 100,
        "remote_ips": [
            "35.209.251.221",
            "35.239.56.104",
            "35.208.205.25"
        ]
    },
    "summary": {
        "total_messages_produced": 50000,
        "producer_avg_throughput": 4735.24835446805,
        "consumer_avg_throughput": 1011.0243757614104,
        "consumer_avg_latency": 6.349867685446739,
        "consumer_p99_latency": 9.567278194427491,
        "consumer_cold_start_latency": 2.7707100343704227,
        "remote_avg_cpu": 0.199,
        "remote_avg_mem_mb": 628.422054608663,
        "remote_servers": [
            {
                "ip": "35.209.251.221",
                "avg_cpu": 0.293,
                "avg_mem_mb": 652.33,
                "samples_count": 0
            },
            {
                "ip": "35.239.56.104",
                "avg_cpu": 0.262,
                "avg_mem_mb": 625.82,
                "samples_count": 0
            },
            {
                "ip": "35.208.205.25",
                "avg_cpu": 0.042,
                "avg_mem_mb": 607.11,
                "samples_count": 0
            }
        ]
    }
}