{
    "parameters": {
        "mq_type": "kafka",
        "broker_address": "35.209.251.221",
        "topic": "test-throughput_scaling",
        "num_producers": 40,
        "num_consumers": 5,
        "messages_per_producer": 1000000,
        "log_interval": 100,
        "message_size": 100,
        "remote_ips": [
            "35.209.251.221",
            "35.239.56.104",
            "35.208.205.25"
        ]
    },
    "summary": {
        "total_messages_produced": 40000000,
        "producer_avg_throughput": 1188715.2197312538,
        "consumer_avg_throughput": 102103.64001859128,
        "consumer_avg_latency": 27.77442310589196,
        "consumer_p99_latency": 45.2504641532898,
        "consumer_cold_start_latency": 2.288047999382019,
        "remote_servers": [
            {
                "ip": "35.209.251.221",
                "avg_cpu": 0.4337,
                "avg_mem_mb": 1269.43,
                "samples_count": 84
            },
            {
                "ip": "35.239.56.104",
                "avg_cpu": 0.393,
                "avg_mem_mb": 1300.13,
                "samples_count": 85
            },
            {
                "ip": "35.208.205.25",
                "avg_cpu": 0.2228,
                "avg_mem_mb": 1196.64,
                "samples_count": 86
            }
        ],
        "remote_avg_cpu": 0.3498,
        "remote_avg_mem_mb": 1255.4
    }
}