{
    "parameters": {
        "mq_type": "kafka",
        "broker_address": "35.209.251.221",
        "topic": "test-throughput_scaling",
        "num_producers": 40,
        "num_consumers": 5,
        "messages_per_producer": 50000,
        "log_interval": 100,
        "message_size": 100,
        "remote_ips": [
            "35.209.251.221",
            "35.239.56.104",
            "35.208.205.25"
        ]
    },
    "summary": {
        "total_messages_produced": 2000000,
        "producer_avg_throughput": 1846253.936595854,
        "consumer_avg_throughput": 42297.49419193982,
        "consumer_avg_latency": 3.1245574395601747,
        "consumer_p99_latency": 4.814505958557129,
        "consumer_cold_start_latency": 2.144768087387085,
        "remote_servers": [
            {
                "ip": "35.209.251.221",
                "avg_cpu": 0.0423,
                "avg_mem_mb": 1337.38,
                "samples_count": 18
            },
            {
                "ip": "35.239.56.104",
                "avg_cpu": 0.0708,
                "avg_mem_mb": 1362.68,
                "samples_count": 18
            },
            {
                "ip": "35.208.205.25",
                "avg_cpu": 0.0693,
                "avg_mem_mb": 1292.32,
                "samples_count": 19
            }
        ],
        "remote_avg_cpu": 0.0608,
        "remote_avg_mem_mb": 1330.79
    }
}