{
    "parameters": {
        "mq_type": "kafka",
        "broker_address": "35.209.251.221",
        "topic": "test-throughput_scaling",
        "num_producers": 40,
        "num_consumers": 5,
        "messages_per_producer": 5000,
        "log_interval": 100,
        "message_size": 100,
        "remote_ips": [
            "35.209.251.221",
            "35.239.56.104",
            "35.208.205.25"
        ]
    },
    "summary": {
        "total_messages_produced": 200000,
        "producer_avg_throughput": 92163.87016251658,
        "consumer_avg_throughput": 6060.686549345908,
        "consumer_avg_latency": 4.370197896187305,
        "consumer_p99_latency": 4.426340484619141,
        "consumer_cold_start_latency": 4.320819780349732,
        "remote_servers": [
            {
                "ip": "35.209.251.221",
                "avg_cpu": 0.062,
                "avg_mem_mb": 643.86,
                "samples_count": 0
            },
            {
                "ip": "35.239.56.104",
                "avg_cpu": 0.096,
                "avg_mem_mb": 630.24,
                "samples_count": 0
            },
            {
                "ip": "35.208.205.25",
                "avg_cpu": 0.074,
                "avg_mem_mb": 615.98,
                "samples_count": 0
            }
        ],
        "remote_avg_cpu": 0.0773,
        "remote_avg_mem_mb": 630.02,
        "merged_t2latencies": {
            "1742024118.7431195": [
                5.8926959209954966,
                153610
            ],
            "1742024118.8431199": [
                5.539212034380755,
                46021
            ],
            "1742024121.5687068": [
                7.099890664645604,
                140
            ],
            "1742024124.80984": [
                10.35427469127583,
                212
            ],
            "1742024127.6207514": [
                13.160076730391559,
                17
            ]
        }
    }
}