{
    "parameters": {
        "mq_type": "kafka",
        "broker_address": "35.209.251.221:9092,35.239.56.104:9092,35.208.205.25:9092",
        "topic": "test-throughput_resources",
        "num_producers": 10,
        "num_consumers": 5,
        "messages_per_producer": 5000,
        "log_interval": 1000,
        "message_size": 100,
        "remote_ips": [
            "35.209.251.221",
            "35.239.56.104",
            "35.208.205.25"
        ]
    },
    "summary": {
        "total_messages_produced": 50000,
        "producer_avg_throughput": 4379.74896563863,
        "consumer_avg_throughput": 1008.9395668958448,
        "consumer_avg_latency": 6.310084725894928,
        "consumer_p99_latency": 9.89756908416748,
        "consumer_cold_start_latency": 2.8444956941604618,
        "remote_avg_cpu": 0.20633333333333337,
        "remote_avg_mem_mb": 634.3577861785889,
        "remote_servers": [
            {
                "ip": "35.209.251.221",
                "avg_cpu": 0.305,
                "avg_mem_mb": 659.6,
                "samples_count": 0
            },
            {
                "ip": "35.239.56.104",
                "avg_cpu": 0.277,
                "avg_mem_mb": 635.59,
                "samples_count": 0
            },
            {
                "ip": "35.208.205.25",
                "avg_cpu": 0.037,
                "avg_mem_mb": 607.88,
                "samples_count": 0
            }
        ]
    }
}