{
    "parameters": {
        "mq_type": "kafka",
        "broker_address": "35.209.251.221",
        "topic": "test-throughput_scaling",
        "num_producers": 40,
        "num_consumers": 5,
        "messages_per_producer": 1000000,
        "log_interval": 100,
        "message_size": 100,
        "remote_ips": [
            "35.209.251.221",
            "35.239.56.104",
            "35.208.205.25"
        ]
    },
    "summary": {
        "total_messages_produced": 40000000,
        "producer_avg_throughput": 2130598.3729509003,
        "consumer_avg_throughput": 106580.4574338618,
        "consumer_avg_latency": 31.314825039800816,
        "consumer_p99_latency": 54.69633846282959,
        "consumer_cold_start_latency": 0.1653523359298706,
        "remote_servers": [
            {
                "ip": "35.209.251.221",
                "avg_cpu": 0.1581,
                "avg_mem_mb": 1351.24,
                "samples_count": 79
            },
            {
                "ip": "35.239.56.104",
                "avg_cpu": 0.1288,
                "avg_mem_mb": 1367.3,
                "samples_count": 79
            },
            {
                "ip": "35.208.205.25",
                "avg_cpu": 0.1477,
                "avg_mem_mb": 1313.67,
                "samples_count": 80
            }
        ],
        "remote_avg_cpu": 0.1449,
        "remote_avg_mem_mb": 1344.07
    }
}