{
    "parameters": {
        "mq_type": "kafka",
        "broker_address": "35.209.251.221",
        "topic": "test-throughput_scaling",
        "num_producers": 40,
        "num_consumers": 10,
        "messages_per_producer": 50000,
        "log_interval": 100,
        "message_size": 100,
        "remote_ips": [
            "35.209.251.221",
            "35.239.56.104",
            "35.208.205.25"
        ]
    },
    "summary": {
        "total_messages_produced": 2000000,
        "producer_avg_throughput": 1836836.4558895596,
        "consumer_avg_throughput": 37895.34030202822,
        "consumer_avg_latency": 2.4172171986900564,
        "consumer_p99_latency": 3.1975593328475953,
        "consumer_cold_start_latency": 2.143844541549682,
        "remote_servers": [
            {
                "ip": "35.209.251.221",
                "avg_cpu": 0.042,
                "avg_mem_mb": 1278.13,
                "samples_count": 0
            },
            {
                "ip": "35.239.56.104",
                "avg_cpu": 0.047,
                "avg_mem_mb": 1261.2,
                "samples_count": 0
            },
            {
                "ip": "35.208.205.25",
                "avg_cpu": 0.018,
                "avg_mem_mb": 1242.16,
                "samples_count": 0
            }
        ],
        "remote_avg_cpu": 0.0357,
        "remote_avg_mem_mb": 1260.5
    }
}