{
    "parameters": {
        "mq_type": "kafka",
        "broker_address": "35.209.251.221",
        "topic": "test-throughput_scaling",
        "num_producers": 40,
        "num_consumers": 20,
        "messages_per_producer": 50000,
        "log_interval": 100,
        "message_size": 100,
        "remote_ips": [
            "35.209.251.221",
            "35.239.56.104",
            "35.208.205.25"
        ]
    },
    "summary": {
        "total_messages_produced": 2000000,
        "producer_avg_throughput": 1856387.7860838545,
        "consumer_avg_throughput": 24969.731641103208,
        "consumer_avg_latency": 2.1040650182521348,
        "consumer_p99_latency": 2.5707856178283692,
        "consumer_cold_start_latency": 2.1429121847152715,
        "remote_servers": [
            {
                "ip": "35.209.251.221",
                "avg_cpu": 0.047,
                "avg_mem_mb": 1254.72,
                "samples_count": 0
            },
            {
                "ip": "35.239.56.104",
                "avg_cpu": 0.032,
                "avg_mem_mb": 1251.49,
                "samples_count": 0
            },
            {
                "ip": "35.208.205.25",
                "avg_cpu": 0.019,
                "avg_mem_mb": 1232.12,
                "samples_count": 0
            }
        ],
        "remote_avg_cpu": 0.0327,
        "remote_avg_mem_mb": 1246.11
    }
}