{
    "parameters": {
        "mq_type": "kafka",
        "broker_address": "35.209.251.221",
        "topic": "test-throughput_scaling",
        "num_producers": 40,
        "num_consumers": 40,
        "messages_per_producer": 50000,
        "log_interval": 100,
        "message_size": 100,
        "remote_ips": [
            "35.209.251.221",
            "35.239.56.104",
            "35.208.205.25"
        ]
    },
    "summary": {
        "total_messages_produced": 2000000,
        "producer_avg_throughput": 1910747.15094264,
        "consumer_avg_throughput": 13841.466052573373,
        "consumer_avg_latency": 2.12749436559844,
        "consumer_p99_latency": 2.489427316188812,
        "consumer_cold_start_latency": 2.1370182623863223,
        "remote_servers": [
            {
                "ip": "35.209.251.221",
                "avg_cpu": 0.047,
                "avg_mem_mb": 1278.42,
                "samples_count": 0
            },
            {
                "ip": "35.239.56.104",
                "avg_cpu": 0.035,
                "avg_mem_mb": 1259.18,
                "samples_count": 0
            },
            {
                "ip": "35.208.205.25",
                "avg_cpu": 0.016,
                "avg_mem_mb": 1259.3,
                "samples_count": 0
            }
        ],
        "remote_avg_cpu": 0.0327,
        "remote_avg_mem_mb": 1265.63
    }
}