{
    "parameters": {
        "mq_type": "kafka",
        "broker_address": "35.209.251.221",
        "topic": "test-throughput_scaling",
        "num_producers": 40,
        "num_consumers": 5,
        "messages_per_producer": 2000000,
        "log_interval": 100,
        "message_size": 100,
        "remote_ips": [
            "35.209.251.221",
            "35.239.56.104",
            "35.208.205.25"
        ]
    },
    "summary": {
        "total_messages_produced": 80000000,
        "producer_avg_throughput": 1470555.105448365,
        "consumer_avg_throughput": 96034.41753795547,
        "consumer_avg_latency": 68.61410304247667,
        "consumer_p99_latency": 108.08088746070862,
        "consumer_cold_start_latency": 2.2603668556213377,
        "remote_servers": [
            {
                "ip": "35.209.251.221",
                "avg_cpu": 0.212,
                "avg_mem_mb": 1149.52,
                "samples_count": 0
            },
            {
                "ip": "35.239.56.104",
                "avg_cpu": 0.202,
                "avg_mem_mb": 1181.23,
                "samples_count": 0
            },
            {
                "ip": "35.208.205.25",
                "avg_cpu": 0.112,
                "avg_mem_mb": 1168.36,
                "samples_count": 0
            }
        ],
        "remote_avg_cpu": 0.1753,
        "remote_avg_mem_mb": 1166.37
    }
}