{
    "parameters": {
        "mq_type": "kafka",
        "broker_address": "35.209.251.221",
        "topic": "test-throughput_resources",
        "num_producers": 5,
        "num_consumers": 5,
        "messages_per_producer": 450,
        "log_interval": 100,
        "message_size": 100,
        "remote_ips": [
            "35.209.251.221",
            "35.239.56.104",
            "35.208.205.25"
        ]
    },
    "summary": {
        "total_messages_produced": 2250,
        "producer_avg_throughput": 4228.23322259285,
        "consumer_avg_throughput": 161.14067096054572,
        "consumer_avg_latency": 1.4215959883795846,
        "consumer_p99_latency": 3.1358146190643312,
        "consumer_cold_start_latency": 1.3688825712203978,
        "remote_servers": [
            {
                "ip": "35.209.251.221",
                "avg_cpu": 0.07,
                "avg_mem_mb": 643.18,
                "samples_count": 0
            },
            {
                "ip": "35.239.56.104",
                "avg_cpu": 0.056,
                "avg_mem_mb": 628.56,
                "samples_count": 0
            },
            {
                "ip": "35.208.205.25",
                "avg_cpu": 0.03,
                "avg_mem_mb": 629.98,
                "samples_count": 0
            }
        ],
        "remote_avg_cpu": 0.052,
        "remote_avg_mem_mb": 633.91
    }
}