{
    "parameters": {
        "mq_type": "kafka",
        "broker_address": "35.209.251.221",
        "topic": "test-throughput_scaling",
        "num_producers": 40,
        "num_consumers": 5,
        "messages_per_producer": 50000,
        "log_interval": 100,
        "message_size": 100,
        "remote_ips": [
            "35.209.251.221",
            "35.239.56.104",
            "35.208.205.25"
        ]
    },
    "summary": {
        "total_messages_produced": 2000000,
        "producer_avg_throughput": 437808.9178782608,
        "consumer_avg_throughput": 39246.56576410723,
        "consumer_avg_latency": 3.7478655101567506,
        "consumer_p99_latency": 5.25991415977478,
        "consumer_cold_start_latency": 2.8806743602752687,
        "remote_servers": [
            {
                "ip": "35.209.251.221",
                "avg_cpu": 0.122,
                "avg_mem_mb": 642.62,
                "samples_count": 0
            },
            {
                "ip": "35.239.56.104",
                "avg_cpu": 0.142,
                "avg_mem_mb": 642.45,
                "samples_count": 0
            },
            {
                "ip": "35.208.205.25",
                "avg_cpu": 0.155,
                "avg_mem_mb": 637.79,
                "samples_count": 0
            }
        ],
        "remote_avg_cpu": 0.1397,
        "remote_avg_mem_mb": 640.95
    }
}